-- phpMyAdmin SQL Dump
-- version 4.8.5
-- https://www.phpmyadmin.net/
--
-- Host: 127.0.0.1
-- Generation Time: May 26, 2019 at 12:11 PM
-- Server version: 10.1.38-MariaDB
-- PHP Version: 7.3.2

SET SQL_MODE = "NO_AUTO_VALUE_ON_ZERO";
SET AUTOCOMMIT = 0;
START TRANSACTION;
SET time_zone = "+00:00";


/*!40101 SET @OLD_CHARACTER_SET_CLIENT=@@CHARACTER_SET_CLIENT */;
/*!40101 SET @OLD_CHARACTER_SET_RESULTS=@@CHARACTER_SET_RESULTS */;
/*!40101 SET @OLD_COLLATION_CONNECTION=@@COLLATION_CONNECTION */;
/*!40101 SET NAMES utf8mb4 */;

--
-- Database: `sale_last`
--

-- --------------------------------------------------------

--
-- Table structure for table `customers`
--

CREATE TABLE `customers` (
  `id` int(11) NOT NULL,
  `name` varchar(255) COLLATE utf8mb4_unicode_ci NOT NULL,
  `house_number` varchar(255) COLLATE utf8mb4_unicode_ci DEFAULT NULL,
  `phonenumber` varchar(255) COLLATE utf8mb4_unicode_ci DEFAULT NULL,
  `email` varchar(255) COLLATE utf8mb4_unicode_ci NOT NULL,
  `created_at` timestamp NOT NULL DEFAULT CURRENT_TIMESTAMP ON UPDATE CURRENT_TIMESTAMP,
  `updated_at` timestamp NOT NULL DEFAULT '0000-00-00 00:00:00',
  `password` varchar(50) COLLATE utf8mb4_unicode_ci NOT NULL,
  `street` varchar(100) COLLATE utf8mb4_unicode_ci DEFAULT NULL,
  `city` varchar(100) COLLATE utf8mb4_unicode_ci DEFAULT NULL
) ENGINE=InnoDB DEFAULT CHARSET=utf8mb4 COLLATE=utf8mb4_unicode_ci;

--
-- Dumping data for table `customers`
--

INSERT INTO `customers` (`id`, `name`, `house_number`, `phonenumber`, `email`, `created_at`, `updated_at`, `password`, `street`, `city`) VALUES
(1, 'admin', '132456', '0973654893', 'marianhtuyet2212@gmail.com', '2019-05-26 10:04:54', '2019-05-26 03:04:54', '2', 'asdzxxz', 'hcm'),
(3, '16521409', NULL, NULL, 'marianhtuyet1222@gmail.com', '2019-05-22 19:35:59', '2019-05-22 19:35:59', '1', NULL, NULL),
(4, '16521409', NULL, NULL, 'marianhtuyet1222@gmail.com', '2019-05-22 19:37:14', '2019-05-22 19:37:14', '1', NULL, NULL);

-- --------------------------------------------------------

--
-- Table structure for table `detail_invoices`
--

CREATE TABLE `detail_invoices` (
  `id` int(11) NOT NULL,
  `id_invoice` int(11) NOT NULL,
  `id_product` int(11) NOT NULL,
  `quality` int(11) NOT NULL,
  `created_at` timestamp NOT NULL DEFAULT CURRENT_TIMESTAMP ON UPDATE CURRENT_TIMESTAMP,
  `updated_at` timestamp NOT NULL DEFAULT '0000-00-00 00:00:00'
) ENGINE=InnoDB DEFAULT CHARSET=utf8mb4 COLLATE=utf8mb4_unicode_ci;

--
-- Dumping data for table `detail_invoices`
--

INSERT INTO `detail_invoices` (`id`, `id_invoice`, `id_product`, `quality`, `created_at`, `updated_at`) VALUES
(1, 19, 20, 1, '2019-05-19 04:04:09', '2019-05-19 04:04:09'),
(2, 20, 20, 1, '2019-05-19 04:13:05', '2019-05-19 04:13:05'),
(3, 20, 21, 1, '2019-05-19 04:13:05', '2019-05-19 04:13:05'),
(4, 21, 20, 3, '2019-05-19 04:14:33', '2019-05-19 04:14:33'),
(5, 21, 21, 3, '2019-05-19 04:14:33', '2019-05-19 04:14:33'),
(6, 22, 20, 2, '2019-05-19 06:43:36', '2019-05-19 06:43:36'),
(7, 22, 21, 2, '2019-05-19 06:43:36', '2019-05-19 06:43:36'),
(8, 22, 22, 2, '2019-05-19 06:43:36', '2019-05-19 06:43:36'),
(9, 23, 20, 3, '2019-05-20 17:28:41', '2019-05-20 17:28:41'),
(10, 23, 21, 3, '2019-05-20 17:28:41', '2019-05-20 17:28:41'),
(11, 23, 22, 1, '2019-05-20 17:28:41', '2019-05-20 17:28:41'),
(12, 24, 20, 3, '2019-05-20 18:16:24', '2019-05-20 18:16:24'),
(13, 24, 21, 3, '2019-05-20 18:16:24', '2019-05-20 18:16:24'),
(14, 24, 22, 1, '2019-05-20 18:16:24', '2019-05-20 18:16:24'),
(15, 25, 20, 3, '2019-05-20 18:17:18', '2019-05-20 18:17:18'),
(16, 25, 21, 3, '2019-05-20 18:17:18', '2019-05-20 18:17:18'),
(17, 25, 22, 1, '2019-05-20 18:17:18', '2019-05-20 18:17:18'),
(18, 26, 20, 9, '2019-05-20 23:05:16', '2019-05-20 23:05:16'),
(19, 26, 21, 1, '2019-05-20 23:05:17', '2019-05-20 23:05:17'),
(20, 26, 22, 1, '2019-05-20 23:05:17', '2019-05-20 23:05:17'),
(21, 27, 20, 9, '2019-05-20 23:06:10', '2019-05-20 23:06:10'),
(22, 27, 21, 1, '2019-05-20 23:06:10', '2019-05-20 23:06:10'),
(23, 27, 22, 1, '2019-05-20 23:06:10', '2019-05-20 23:06:10'),
(24, 28, 20, 9, '2019-05-20 23:21:49', '2019-05-20 23:21:49'),
(25, 28, 21, 1, '2019-05-20 23:21:49', '2019-05-20 23:21:49'),
(26, 28, 22, 1, '2019-05-20 23:21:49', '2019-05-20 23:21:49'),
(27, 29, 20, 1, '2019-05-20 23:31:33', '2019-05-20 23:31:33'),
(28, 30, 20, 1, '2019-05-20 23:32:55', '2019-05-20 23:32:55'),
(29, 31, 20, 2, '2019-05-21 06:43:17', '2019-05-21 06:43:17'),
(30, 32, 21, 2, '2019-05-21 20:08:43', '2019-05-21 20:08:43'),
(31, 33, 21, 2, '2019-05-21 20:10:21', '2019-05-21 20:10:21'),
(32, 34, 21, 2, '2019-05-21 20:52:50', '2019-05-21 20:52:50'),
(33, 34, 22, 1, '2019-05-21 20:52:51', '2019-05-21 20:52:51');

-- --------------------------------------------------------

--
-- Table structure for table `employees`
--

CREATE TABLE `employees` (
  `id` int(11) NOT NULL,
  `name` varchar(255) COLLATE utf8mb4_unicode_ci NOT NULL,
  `account` varchar(255) COLLATE utf8mb4_unicode_ci NOT NULL,
  `password` varchar(255) COLLATE utf8mb4_unicode_ci NOT NULL,
  `created_at` timestamp NOT NULL DEFAULT CURRENT_TIMESTAMP ON UPDATE CURRENT_TIMESTAMP,
  `updated_at` timestamp NOT NULL DEFAULT '0000-00-00 00:00:00'
) ENGINE=InnoDB DEFAULT CHARSET=utf8mb4 COLLATE=utf8mb4_unicode_ci;

-- --------------------------------------------------------

--
-- Table structure for table `img_products`
--

CREATE TABLE `img_products` (
  `id` int(11) NOT NULL,
  `id_product` int(11) NOT NULL,
  `img` varchar(255) COLLATE utf8mb4_unicode_ci NOT NULL,
  `created_at` int(11) NOT NULL,
  `update_at` int(11) NOT NULL
) ENGINE=InnoDB DEFAULT CHARSET=utf8mb4 COLLATE=utf8mb4_unicode_ci;

--
-- Dumping data for table `img_products`
--

INSERT INTO `img_products` (`id`, `id_product`, `img`, `created_at`, `update_at`) VALUES
(1, 0, 'hp_2_1_1', 0, 0),
(2, 1, 'hp_2_1_2', 0, 0),
(3, 1, 'hp_2_1_3', 0, 0),
(4, 1, 'hp_2_1_4', 0, 0),
(5, 2, 'hp_2_2_1', 0, 0),
(6, 2, 'hp_2_2_2', 0, 0),
(7, 2, 'hp_2_2_3', 0, 0),
(8, 2, 'hp_2_2_4', 0, 0),
(9, 3, 'hp_2_3_1', 0, 0),
(10, 3, 'hp_2_3_2', 0, 0),
(11, 3, 'hp_2_3_3', 0, 0),
(12, 3, 'hp_2_3_4', 0, 0),
(13, 4, 'hp_2_4_1', 0, 0),
(14, 4, 'hp_2_4_2', 0, 0),
(15, 4, 'hp_2_4_3', 0, 0),
(16, 4, 'hp_2_4_4', 0, 0),
(17, 5, 'hp_2_5_1', 0, 0),
(18, 5, 'hp_2_5_2', 0, 0),
(19, 5, 'hp_2_5_3', 0, 0),
(20, 5, 'hp_2_5_4', 0, 0),
(21, 6, 'hp_2_6_1', 0, 0),
(22, 6, 'hp_2_6_2', 0, 0),
(23, 6, 'hp_2_6_3', 0, 0),
(24, 6, 'hp_2_6_4', 0, 0),
(25, 8, 'hp_3_8_1', 0, 0),
(26, 8, 'hp_3_8_2', 0, 0),
(27, 8, 'hp_3_8_3', 0, 0),
(28, 8, 'hp_3_8_4\r\n                                                                                          ', 0, 0),
(29, 9, 'hp_3_9_1', 0, 0),
(30, 9, 'hp_3_9_2', 0, 0),
(31, 9, 'hp_3_9_3', 0, 0),
(32, 9, 'hp_3_9_4', 0, 0),
(33, 10, 'hp_3_10_1', 0, 0),
(34, 10, 'hp_3_10_2', 0, 0),
(35, 10, 'hp_3_10_3', 0, 0),
(36, 10, 'hp_3_10_4', 0, 0),
(40, 11, 'hp_3_11_1', 0, 0),
(41, 11, 'hp_3_11_2', 0, 0),
(42, 11, 'hp_3_11_3', 0, 0),
(43, 11, 'hp_3_11_4', 0, 0),
(44, 12, 'hp_3_12_1', 0, 0),
(45, 12, 'hp_3_12_2', 0, 0),
(46, 12, 'hp_3_12_3', 0, 0),
(47, 12, 'hp_3_12_4', 0, 0),
(48, 13, 'hp_3_13_1', 0, 0),
(49, 13, 'hp_3_13_2', 0, 0),
(50, 13, 'hp_3_13_3', 0, 0),
(51, 13, 'hp_3_13_4', 0, 0),
(52, 14, 'hp_1_14_1', 0, 0),
(53, 14, 'hp_1_14_2', 0, 0),
(54, 14, 'hp_1_14_3', 0, 0),
(55, 14, 'hp_1_14_4', 0, 0),
(56, 15, 'hp_1_15_1', 0, 0),
(57, 15, 'hp_1_15_2', 0, 0),
(58, 15, 'hp_1_15_3', 0, 0),
(59, 15, 'hp_1_15_4', 0, 0),
(60, 16, 'hp_1_16_1', 0, 0),
(61, 16, 'hp_1_16_2', 0, 0),
(62, 16, 'hp_1_16_3', 0, 0),
(63, 16, 'hp_1_16_4', 0, 0),
(64, 17, 'hp_1_17_1', 0, 0),
(65, 17, 'hp_1_17_2', 0, 0),
(66, 17, 'hp_1_17_3', 0, 0),
(67, 17, 'hp_1_17_4', 0, 0),
(71, 18, 'hp_1_18_1', 0, 0),
(72, 18, 'hp_1_18_2', 0, 0),
(73, 18, 'hp_1_18_3', 0, 0),
(74, 18, 'hp_1_18_4', 0, 0),
(75, 19, 'hp_1_19_1', 0, 0),
(76, 19, 'hp_1_19_2', 0, 0),
(77, 19, 'hp_1_19_3', 0, 0),
(78, 19, 'hp_1_19_4', 0, 0);

-- --------------------------------------------------------

--
-- Table structure for table `invoices`
--

CREATE TABLE `invoices` (
  `id` int(11) NOT NULL,
  `create_date` date DEFAULT NULL,
  `total` float NOT NULL DEFAULT '1',
  `state` int(11) NOT NULL DEFAULT '1',
  `created_at` timestamp NOT NULL DEFAULT CURRENT_TIMESTAMP ON UPDATE CURRENT_TIMESTAMP,
  `updated_at` timestamp NOT NULL DEFAULT '0000-00-00 00:00:00',
  `id_customer` int(11) DEFAULT '1',
  `name_customer` varchar(255) COLLATE utf8mb4_unicode_ci DEFAULT NULL,
  `house_number` varchar(111) COLLATE utf8mb4_unicode_ci NOT NULL DEFAULT '1',
  `street` varchar(255) COLLATE utf8mb4_unicode_ci NOT NULL DEFAULT '1',
  `district` varchar(200) COLLATE utf8mb4_unicode_ci NOT NULL DEFAULT '1',
  `city` varchar(200) COLLATE utf8mb4_unicode_ci DEFAULT NULL,
  `phone_number` varchar(20) COLLATE utf8mb4_unicode_ci NOT NULL DEFAULT '0123456789',
  `method_delivery` varchar(200) COLLATE utf8mb4_unicode_ci NOT NULL DEFAULT '1',
  `ship` int(11) NOT NULL DEFAULT '20000'
) ENGINE=InnoDB DEFAULT CHARSET=utf8mb4 COLLATE=utf8mb4_unicode_ci;

--
-- Dumping data for table `invoices`
--

INSERT INTO `invoices` (`id`, `create_date`, `total`, `state`, `created_at`, `updated_at`, `id_customer`, `name_customer`, `house_number`, `street`, `district`, `city`, `phone_number`, `method_delivery`, `ship`) VALUES
(19, '2019-05-19', 46980000, 1, '2019-05-19 04:04:09', '2019-05-19 04:04:09', 1, 'zszxc', '2345678', 'asdzxxz', 'null', 'dxz', '123456', '1', 20000),
(20, '2019-05-19', 46980000, 1, '2019-05-19 04:13:05', '2019-05-19 04:13:05', 1, 'zszxc', '2345678', 'asdzxxz', 'null', 'dxz', '123456', '1', 20000),
(21, '2019-05-19', 140940000, 1, '2019-05-19 04:14:33', '2019-05-19 04:14:33', 1, 'zszxc', '2345678', 'asdzxxz', 'null', 'dxz', '123456', '1', 20000),
(22, '2019-05-19', 147940000, 1, '2019-05-19 06:43:36', '2019-05-19 06:43:36', 1, '3', '3', '3', 'null', '3', '3', '1', 20000),
(23, '2019-05-21', 167930000, 1, '2019-05-20 17:28:41', '2019-05-20 17:28:41', 1, 'zszxc', '2345678', 'asdzxxz', 'null', 'dxz', '123456', '1', 20000),
(24, '2019-05-21', 167930000, 1, '2019-05-20 18:16:24', '2019-05-20 18:16:24', 1, 'zszxc', '2345678', 'asdzxxz', 'null', 'dxz', '123456', '1', 20000),
(25, '2019-05-21', 167930000, 1, '2019-05-21 02:16:17', '2019-05-20 19:16:17', 1, 'zszxc', '2345678', 'asdzxxz', 'null', 'dxz', '123456', 'delivery2', 20000),
(26, '2019-05-21', 265890000, 1, '2019-05-20 23:05:16', '2019-05-20 23:05:16', 1, 'zszxc', '2345678', 'asdzxxz', 'null', 'dxz', '123456', '1', 20000),
(27, '2019-05-21', 265890000, 1, '2019-05-21 06:06:17', '2019-05-20 23:06:17', 1, 'zszxc', '2345678', 'asdzxxz', 'null', 'dxz', '123456', 'delivery2', 20000),
(28, '2019-05-21', 265890000, 1, '2019-05-21 06:21:57', '2019-05-20 23:21:57', 1, 'zszxc', '2345678', 'asdzxxz', 'null', 'dxz', '123456', 'delivery2', 20000),
(29, '2019-05-21', 23990000, 1, '2019-05-21 06:31:38', '2019-05-20 23:31:38', 1, 'zszxc', '2345678', 'asdzxxz', 'null', 'dxz', '123456', 'delivery2', 20000),
(30, '2019-05-21', 23990000, 1, '2019-05-21 06:32:59', '2019-05-20 23:32:59', 1, 'zszxc', '2345678', 'asdzxxz', 'null', 'dxz', '123456', 'delivery2', 20000),
(31, '2019-05-21', 47980000, 1, '2019-05-21 13:43:58', '2019-05-21 06:43:58', 1, 'zszxc', '2345678', 'asdzxxz', 'null', 'dxz', '123456', 'delivery2', 20000),
(32, '2019-05-22', 45980000, 1, '2019-05-22 03:09:02', '2019-05-21 20:09:02', 1, 'zszxc', '2345678', 'asdzxxz', 'null', 'dxz', '123456', 'delivery2', 20000),
(33, '2019-05-22', 45980000, 1, '2019-05-22 03:10:45', '2019-05-21 20:10:45', 1, 'zszxc', '3', '3', 'null', 'dxz', '123456', 'delivery2', 20000),
(34, '2019-05-22', 72970000, 1, '2019-05-22 03:53:01', '2019-05-21 20:53:01', 1, 'zszxc', '2345678', 'asdzxxz', 'null', 'dxz', '3', 'delivery2', 20000);

-- --------------------------------------------------------

--
-- Table structure for table `products`
--

CREATE TABLE `products` (
  `id` int(11) NOT NULL,
  `name` varchar(255) COLLATE utf8mb4_unicode_ci NOT NULL,
  `img` varchar(255) COLLATE utf8mb4_unicode_ci NOT NULL,
  `cost` float NOT NULL,
  `quantity` int(11) NOT NULL,
  `size` int(11) NOT NULL,
  `start_discount` date NOT NULL,
  `end_discount` date NOT NULL,
  `discount` float NOT NULL,
  `created_at` timestamp NOT NULL DEFAULT CURRENT_TIMESTAMP ON UPDATE CURRENT_TIMESTAMP,
  `updated_at` timestamp NOT NULL DEFAULT '0000-00-00 00:00:00',
  `description` text COLLATE utf8mb4_unicode_ci NOT NULL,
  `id_type` int(11) NOT NULL,
  `id_product` varchar(20) COLLATE utf8mb4_unicode_ci NOT NULL
) ENGINE=InnoDB DEFAULT CHARSET=utf8mb4 COLLATE=utf8mb4_unicode_ci;

--
-- Dumping data for table `products`
--

INSERT INTO `products` (`id`, `name`, `img`, `cost`, `quantity`, `size`, `start_discount`, `end_discount`, `discount`, `created_at`, `updated_at`, `description`, `id_type`, `id_product`) VALUES
(1, 'Laptop HP ProBook 440 G6-5YM61PA(14\"/Intel Core i5-8265U 1.6 GHz - 3.9 GHz/4GB/256GB SSD/Intel UHD Graphics 620/Free DOS/1.6kg)', '', 17590000, 100, 0, '0000-00-00', '0000-00-00', 0, '2019-05-07 11:32:34', '0000-00-00 00:00:00', '<h4>Tên sản phẩm: Máy tính xách tay/ Laptop HP ProBook 440 G6-5YM61PA (i5-8265U) (Bạc)</h4>\r\n<ul>\r\n<li>CPU: Intel Core i5-8265U ( 1.6 GHz - 3.9 GHz / 6MB / 4 nhân, 8 luồng ) </li>\r\n<li>Màn hình: 14\" IPS ( 1920 x 1080 ) , không cảm ứng </li>\r\n<li>RAM: 1 x 4GB DDR4 2400MHz </li>\r\n<li>Đồ họa: Intel UHD Graphics 620 </li>\r\n<li>Lưu trữ: 256GB SSD M.2 NVMe </li>\r\n<li>Hệ điều hành: Free DOS </li>\r\n<li>Pin: 3 cell 45 Wh Pin liền , khối lượng: 1.6 kg</li>\r\n</ul>\r\n<h4>Chi tiết sản phẩm</h4>\r\n<ul>\r\n<li>Bạn là doanh nhân và đang kiếm cho mình một mẫu laptop để trợ giúp cho đặc thù công việc của mình thì bạn phải chọn một chiếc laptop phải bền bỉ, thiết kế mang đậm tính thời trang, thời lượng pin sử dụng lâu và nhất là tính bảo mật cao. Để đáp ứng các yếu tố thiết yếu trên gia đình Probook của HP vừa trình làng một sản phẩm laptop mang tên Laptop HP ProBook 440 G6-5YM61PA với thiết kế đáp ứng người dùng văn phòng, doanh nhân với các tiêu chí hài hòa giữa tính di động, bảo mật thiết yếu và độ tin cậy theo chuẩn quân đội MTD-STD 810G khi vượt qua một loạt bài thử nghiệm về độ bền cùng chất lượng linh kiện phần cứng. </li>\r\n<li>Với thiết kế cứng cáp, bảo mật dễ và nhiều tính năng được nâng cấp, HP Probook 440 G6 phù hợp với môi trường doanh nghiệp.Là một đại diện thuộc series ProBook 400 toàn diện, HP ProBook 440 G6 được biết đến như một sản phẩm laptop cân bằng giữa hiệu suất giải trí di động và làm việc.Ngoài ra, ProBook 440 G6 còn được tút lại vẻ bề ngoài tạo cảm giác hài hòa hơn các mẫu ProBook 440 G5 khác trên thị trường . </li>\r\n<li>Do không bị giới hạn thiết kế như các laptop mỏng nhẹ khác nên ProBook 440 G6-5YM61PA hỗ trợ đầy đủ cổng kết nối phổ dụng hiện nay. Từ ngõ xuất hình VGA truyền thống để kết nối máy chiếu, đến ngõ HDMI và cả D-Port tân thời tích hợp trong cùng kết nối vật lý với USB type C. Các giao tiếp khác gồm 1 cổng USB 2.0, 2 cổng USB 3.1, khe thẻ nhớSD, ngõ cắm headphone tích hợp micro và cả kết nối mạng Ethernet gigabit qua cổng RJ-45. </li>\r\n</ul>\r\n', 1, 'hp_2'),
(2, 'Laptop HP ProBook 440 G6-6FG86PA(14\"/Intel Core i7-8565U 1.8 GHz - 4.6 GHz/8GB/256GB SSD/Intel UHD Graphics 620/Free DOS/1.6kg)', '', 22990000, 100, 0, '0000-00-00', '0000-00-00', 0, '2019-04-29 03:52:53', '0000-00-00 00:00:00', '<h4>Tên sản phẩm: Máy tính xách tay/ Laptop HP ProBook 440 G6-6FG86PA (i7-8565U) (Bạc)</h4>\r\n<ul>\r\n<li>CPU: Intel Core i7-8565U ( 1.8 GHz - 4.6 GHz / 8MB / 4 nhân, 8 luồng ) </li>\r\n<li>Màn hình: 14\" IPS ( 1920 x 1080 ) , không cảm ứng </li>\r\n<li>RAM: 1 x 8GB DDR4 2400MHz </li>\r\n<li>Đồ họa: Intel UHD Graphics 620 </li>\r\n<li>Lưu trữ: 256GB SSD M.2 NVMe </li>\r\n<li>Hệ điều hành: Free DOS </li>\r\n<li>Pin: 3 cell 45 Wh Pin liền , khối lượng: 1.6 kg</li>\r\n</ul>\r\n<h4>Chi tiết sản phẩm</h4>\r\n<ul>\r\n<li>Bạn là doanh nhân và đang kiếm cho mình một mẫu laptop để trợ giúp cho đặc thù công việc của mình thì bạn phải chọn một chiếc laptop phải bền bỉ, thiết kế mang đậm tính thời trang, thời lượng pin sử dụng lâu và nhất là tính bảo mật cao. Để đáp ứng các yếu tố thiết yếu trên gia đình Probook của HP vừa trình làng một sản phẩm laptop mang tên Laptop HP ProBook 440 G6-6FG86PA với thiết kế đáp ứng người dùng văn phòng, doanh nhân với các tiêu chí hài hòa giữa tính di động, bảo mật thiết yếu và độ tin cậy theo chuẩn quân đội MTD-STD 810G khi vượt qua một loạt bài thử nghiệm về độ bền cùng chất lượng linh kiện phần cứng. </li>\r\n<li>Laptop HP ProBook 440 G6-6FG86PA thừa hưởng nguyên vẹn dung mạo đặc trưng của dòng Probook. Vỏ trong máy trong sử dụng chất liệu nhôm xước phần nào mạnh mẽ hơn, cùng tông màu tối với cả màn hình và bàn phím. </li>\r\n<li>Laptop HP ProBook 440 G6-6FG86PA hướng đến người dùng cần hiệu suất, độ tin cậy cao nên không thể sánh cùng mẫu EliteBook xét về tính di động. Tuy nhiên so với sản phẩm cùng kích cỡ màn hình của những hãng khác thì mẫu laptop HP không hề kém cạnh với số đo cụ thể 33.6 x 23.8 x 2cm, nặng 1,6 kg. </li>\r\n</ul>\r\n', 2, 'hp_2'),
(3, 'Laptop HP ProBook 440 G6-6FL65PA(14\"/Intel Core i7-8565U 1.8 GHz - 4.6 GHz/8GB/128GB SSD+1TB HDD/NVIDIA GeForce MX130/Free DOS/1.6kg)', '', 24490000, 1000, 0, '0000-00-00', '0000-00-00', 0, '2019-05-07 11:32:38', '0000-00-00 00:00:00', '<h4>Tên sản phẩm: Máy tính xách tay/ Laptop HP ProBook 440 G6-6FL65PA (i7-8565U) (Bạc)</h4>\r\n<ul>\r\n<li>CPU: Intel Core i7-8565U ( 1.8 GHz - 4.6 GHz / 8MB / 4 nhân, 8 luồng ) </li>\r\n<li>Màn hình: 14\" IPS ( 1920 x 1080 ) , không cảm ứng </li>\r\n<li>RAM: 1 x 8GB DDR4 2400MHz </li>\r\n<li>Đồ họa: Intel UHD Graphics 620 / NVIDIA GeForce MX130 2GB GDDR5 </li>\r\n<li>Lưu trữ: 128GB SSD M.2 NVMe / 1TB SSHD 5400RPM </li>\r\n<li>Hệ điều hành: Free DOS </li>\r\n<li>Pin: 3 cell 45 Wh Pin liền , khối lượng: 1.6 kg</li>\r\n</ul>\r\n<h4>Chi tiết sản phẩm</h4>\r\n<ul>\r\n<li>Với thiết kế cứng cáp, bảo mật dễ và nhiều tính năng được nâng cấp, HP Probook 440 G6 phù hợp với môi trường doanh nghiệp.Là một đại diện thuộc series ProBook 400 toàn diện, HP ProBook 440 G6 được biết đến như một sản phẩm laptop cân bằng giữa hiệu suất giải trí di động và làm việc.Ngoài ra, ProBook 440 G6 còn được tút lại vẻ bề ngoài tạo cảm giác hài hòa hơn các mẫu ProBook 440 G5 khác trên thị trường . </li>\r\n<li>Laptop HP ProBook 440 G6-6FL65PA thừa hưởng nguyên vẹn dung mạo đặc trưng của dòng Probook. Vỏ trong máy trong sử dụng chất liệu nhôm xước phần nào mạnh mẽ hơn, cùng tông màu tối với cả màn hình và bàn phím. </li>\r\n<li>Hệ thống bản lề bo vát trùng xuống, được cải tiến chắc chắn hơn so với phiên bản cũ nên màn hình ít bị rung hơn khi sử dụng. Kết cấu khung máy bằng hợp kim chắc chắn, vỏ máy phủ lớp nhựa mềm bên ngoài. Màn hình gói gọn trong phần viền còn hơi dày và cục mịch nhưng có thêm lớp đệm chạy theo các viền bảo vệ, chống va chạm tốt hơn. </li>\r\n</ul>\r\n', 3, 'hp_2'),
(4, 'Laptop HP ProBook 450 G6-5YM80PA(15.6\"/Intel Core i5-8265U 1.6 GHz - 3.9 GHz/8GB/1TB HDD/Intel UHD Graphics 620/Free DOS/1.9kg)', '', 17690000, 1000, 0, '0000-00-00', '0000-00-00', 0, '2019-05-07 11:32:41', '0000-00-00 00:00:00', '<h4>Tên sản phẩm: Máy tính xách tay/ Laptop HP ProBook 450 G6-5YM80PA (i5-8265U) (Bạc)</h4>\r\n<ul>\r\n<li>CPU: Intel Core i5-8265U ( 1.6 GHz - 3.9 GHz / 6MB / 4 nhân, 8 luồng ) </li> \r\n<li>Màn hình: 15.6\" ( 1366 x 768 ) , không cảm ứng </li>\r\n<li>RAM: 1 x 8GB DDR4 2666MHz </li>\r\n<li>Đồ họa: Intel UHD Graphics 620 </li>\r\n<li>Lưu trữ: 1TB HDD 5400RPM </li>\r\n<li>Hệ điều hành: Free DOS </li>\r\n<li>Pin: 3 cell 45 Wh Pin liền , khối lượng: 1.9 kg</li>\r\n</ul>\r\n<h4>Chi tiết sản phẩm</h4>\r\n<ul>\r\n<li>Laptop HP ProBook 450 G6-5YM80PA thừa hưởng nguyên vẹn dung mạo đặc trưng của dòng Probook. Vỏ trong máy trong sử dụng chất liệu nhôm xước phần nào mạnh mẽ hơn, cùng tông màu tối với cả màn hình và bàn phím.</li>\r\n<li>Hệ thống bản lề bo vát trùng xuống, được cải tiến chắc chắn hơn so với phiên bản cũ nên màn hình ít bị rung hơn khi sử dụng. Kết cấu khung máy bằng hợp kim chắc chắn, vỏ máy phủ lớp nhựa mềm bên ngoài. Màn hình gói gọn trong phần viền còn hơi dày và cục mịch nhưng có thêm lớp đệm chạy theo các viền bảo vệ, chống va chạm tốt hơn. </li>\r\n<li>Laptop HP ProBook 450 G6-5YM80PA hướng đến người dùng cần hiệu suất, độ tin cậy cao nên không thể sánh cùng mẫu EliteBook xét về tính di động. Tuy nhiên so với sản phẩm cùng kích cỡ màn hình của những hãng khác thì mẫu laptop HP không hề kém cạnh với số đo cụ thể 33.6 x 23.8 x 2cm, nặng 1,6 kg. </li>\r\n</ul>\r\n', 4, 'hp_2'),
(5, 'Laptop HP ProBook 430 G6-6FG88PA(13.3\"/Intel Core i7-8565U 1.8 GHz - 4.6 GHz/8GB/256GB SSD/Intel UHD Graphics 620/Free DOS/1.4kg)', '', 22990000, 0, 0, '0000-00-00', '0000-00-00', 0, '2019-05-07 11:32:45', '0000-00-00 00:00:00', '<h4>Tên sản phẩm: Máy tính xách tay/ Laptop HP ProBook 430 G6-6FG88PA (i7-8565U) (Bạc)</h4>\r\n<ul>\r\n<li>CPU: Intel Core i7-8565U ( 1.8 GHz - 4.6 GHz / 8MB / 4 nhân, 8 luồng ) </li>\r\n<li>Màn hình: 13.3\" ( 1920 x 1080 ) , không cảm ứng </li>\r\n<li>RAM: 1 x 8GB DDR4 2666MHz </li>\r\n<li>Đồ họa: Intel UHD Graphics 620 </li>\r\n<li>Lưu trữ: 256GB SSD M.2 NVMe </li>\r\n<li>Hệ điều hành: Free DOS </li>\r\n<li>Pin: 3 cell 45 Wh Pin liền , khối lượng: 1.4 kg</li>\r\n</ul>\r\n<h4>Chi tiết sản phẩm</h4>\r\n<ul>\r\n<li>Probook của HP là dòng sản phẩm dành cho hướng tới doanh nhân hoặc doanh nghiệp, tiêu biểu trong dòng sản phẩm này chúng ta có thể kể đến HP Probook 430 G6-6FG88PA - sản phẩm có giá trị vượt bậc về mặt độ bền và tính bảo mật. Bài viết dưới đây mời các bạn. </li>\r\n<li>HP Probook 430 G6-6FG88PA thiết kế lý tưởng cho làm việc di đông, ngoại thất không có nhiều điểm khác biệt so với thế hệ trước. Máy vẫn sở hữu một ngoại hình khá gon nhẹ với trọng lượng chỉ 1.5 kg kết hợp với các góc cạnh được bo cong đặc biệt chấm phá ở 2 bản lề đem lại cái tiêu chuẩn đẹp nhẹ nhàng và kèm thuận tiện cho người dùng trong qua trình cầm nắm máy để di chuyển. </li>\r\n<li>Tuy mỏng nhẹ nhưng HP Probook 430 G6-6FG88PA vẫn rất cứng cỏi và chắc chắn khi cầm trên tay nhờ bộ khung tiêu chuẩn cao, chịu va đập tốt giúp sản phẩm có thể vượt qua 9 bài kiểm tra tiêu chuẩn quân đội Mỹ MIL-STD-810G với các thử nghiệm như rơi, sóc, rung, bụi bẩn và nhiều điều kiện nhiệt độ khắc nghiệt. Nếu chẳng may lỡ tay làm rơi máy xuống sàn, nhớ nhanh chóng kiểm tra xem sàn nhà có bị làm sao không nhé! </li>\r\n</ul>\r\n', 5, 'hp_2'),
(6, 'Laptop HP ProBook 430 G5-4SS49PA (13.3\"/i3-8130U 2.2 GHz - 3.4 GHz/4GB RAM/500GB HDD/Intel UHD Graphics 620/Free DOS/1.6kg)', '', 12490000, 0, 0, '0000-00-00', '0000-00-00', 0, '2019-05-07 11:32:49', '0000-00-00 00:00:00', '<h4>Tên sản phẩm: Máy tính xách tay/ Laptop HP ProBook 430 G5-4SS49PA (Bạc)</h4>\r\n<ul>\r\n<li>CPU: Intel Core i3-8130U ( 2.2 GHz - 3.4 GHz / 4MB / 2 nhân, 4 luồng ) </li>\r\n<li>Màn hình: 13.3\" ( 1366 x 768 ) , không cảm ứng </li>\r\n<li>RAM: 1 x 4GB DDR4 2400MHz </li>\r\n<li>Đồ họa: Intel UHD Graphics 620 </li>\r\n<li>Lưu trữ: 500GB HDD 5400RPM </li>\r\n<li>Hệ điều hành: Free DOS </li>\r\n<li>Pin: 3 cell 48 Wh Pin liền , khối lượng: 1.6 kg</li>\r\n</ul>\r\n<h4>Chi tiết sản phẩm</h4>\r\n<ul>\r\n<li>Probook của HP là dòng sản phẩm dành cho hướng tới doanh nhân hoặc doanh nghiệp, tiêu biểu trong dòng sản phẩm này chúng ta có thể kể đến HP Probook 430 G5-4SS49PA - sản phẩm có giá trị vượt bậc về mặt độ bền và tính bảo mật. Bài viết dưới đây mời các bạn. </li>\r\n<li>HP Probook 430 G5-4SS49PA thiết kế lý tưởng cho làm việc di đông, ngoại thất không có nhiều điểm khác biệt so với thế hệ trước. Máy vẫn sở hữu một ngoại hình khá gon nhẹ với trọng lượng chỉ 1.5 kg kết hợp với các góc cạnh được bo cong đặc biệt chấm phá ở 2 bản lề đem lại cái tiêu chuẩn đẹp nhẹ nhàng và kèm thuận tiện cho người dùng trong qua trình cầm nắm máy để di chuyển. </li>\r\n<li>Tuy mỏng nhẹ nhưng HP Probook 430 G5-4SS49PA vẫn rất cứng cỏi và chắc chắn khi cầm trên tay nhờ bộ khung tiêu chuẩn cao, chịu va đập tốt giúp sản phẩm có thể vượt qua 9 bài kiểm tra tiêu chuẩn quân đội Mỹ MIL-STD-810G với các thử nghiệm như rơi, sóc, rung, bụi bẩn và nhiều điều kiện nhiệt độ khắc nghiệt. Nếu chẳng may lỡ tay làm rơi máy xuống sàn, nhớ nhanh chóng kiểm tra xem sàn nhà có bị làm sao không nhé! </li>\r\n</ul>\r\n', 6, 'hp_2'),
(8, 'Laptop HP Pavilion 15-cs0014TU (4MF01PA) (15.6\"/i3-8130U 2.2 GHz - 3.4 GHz/4GB RAM/1TB HDD/Intel UHD Graphics 620/Windows 10 Home SL 64-bit/1.8kg)', '', 12490000, 0, 0, '0000-00-00', '0000-00-00', 0, '2019-05-07 11:32:52', '0000-00-00 00:00:00', '<h4>Tên sản phẩm: Máy tính xách tay/ Laptop HP Pavilion 15-cs0014TU (4MF01PA)</h4>\r\n<ul>\r\n<li>CPU: Intel Core i3-8130U ( 2.2 GHz - 3.4 GHz / 4MB / 2 nhân, 4 luồng ) </li>\r\n<li>Màn hình: 15.6\" ( 1920 x 1080 ) , không cảm ứng </li>\r\n<li>RAM: 1 x 4GB DDR4 2400MHz </li>\r\n<li>Đồ họa: Intel UHD Graphics 620 </li>\r\n<li>Lưu trữ: 1TB HDD 5400RPM </li>\r\n<li>Hệ điều hành: Windows 10 Home SL 64-bit </li>\r\n<li>Pin: 3 cell 41 Wh Pin liền , khối lượng: 1.8 kg</li>\r\n</ul>\r\n<h4>Chi tiết sản phẩm</h4>\r\n<ul>\r\n<li>Dòng sản phẩm Pavilion của HP chắc chắn là cái tên rất đỗi quen thuộc với những “tín đồ laptop”. Nổi bật nhờ độ phổ biến trên thị trường qua những tiêu chí: giá cả phải chăng, cấu hình tốt, mẫu mã đẹp và hiệu suất cao… Chính vì thế, dòng sản phẩm HP Pavilion luôn là sự lựa chọn của đông đảo các là tầng lớp người dùng, từ học sinh, sinh viên cho tới tầng lớp trí thức như doanh nhân, giáo viên…</li>\r\n<li>Ưu điểm của nắp máy là ít bám vân tay và bụi bẩn. Các đường cong bo tròn bao quanh thân máy kết hợp 2 nút nhựa để khi bạn nâng màn hình cao sẽ đồng thời giúp nâng máy lên để người dùng trải nghiệm đánh máy thoải mái hơn – công dụng cũng gần giống 2 đế nẫy của các bàn phím rời. </li>\r\n<li>Vì thiết kế mỏng manh như vậy nên trọng lượng của máy cũng rất nhẹ, chỉ 1.86 kg mà thôi. Nhờ đó mà nó cực kì tiện lợi khi bạn mang đi di chuyển nhiều nơi để sử dụng. Điều giúp nó là lựa chọn phù hợp với sinh viên cũng như doanh nhân. </li>\r\n</ul>\r\n', 1, 'hp_3'),
(9, 'Laptop HP Pavilion 15-cs1009TU (5JL43PA)', '', 15390000, 0, 0, '0000-00-00', '0000-00-00', 0, '2019-05-07 11:32:54', '0000-00-00 00:00:00', '<h4>Tên sản phẩm: Máy tính xách tay/ Laptop HP Pavilion 15-cs1009TU (5JL43PA) (i5-8265U)</h4>\r\n<ul>\r\n<li>CPU: Intel Core i5-8265U ( 1.6 GHz - 3.9 GHz / 6MB / 4 nhân, 8 luồng ) </li>\r\n<li>Màn hình: 15.6\" ( 1920 x 1080 ) , không cảm ứng </li>\r\n<li>RAM: 1 x 4GB DDR4 2666MHz </li>\r\n<li>Đồ họa: Intel UHD Graphics 620 </li>\r\n<li>Lưu trữ: 1TB HDD 5400RPM </li>\r\n<li>Hệ điều hành: Windows 10 Home SL 64-bit </li>\r\n<li>Pin: 3 cell 41 Wh Pin liền , khối lượng: 1.9 kg</li>\r\n</ul>\r\n<h4>Chi tiết sản phẩm</h4>\r\n<ul>\r\n<li>So sánh với phiên bản của năm cũ, thiết kế của Pavilion vẫn mang thiết kế đơn giản đó, chỉ với một vài thay đổi đáng kể. Cụ thể như phần chốt xoay với các góc bo tròn giờ đây được mang kiểu dáng vuông vắn, góp phần tạo nên khung máy tổng thể sạch sẽ và tối giản hơn nhiều. Khung máy được làm từ nhựa ABS tổng hợp với lớp phủ matte đem lại để toát lên và khiến người dùng cảm nhận được sự cao cấp của chiếc laptop. Sự tiếp cận mới mẻ này cũng nâng tầm dòng Pavilion nên với những người anh em \"sang chảnh\" hơn như Spectre hay Envy. </li>\r\n<li>Phiên bản năm 2017 có khối lượng 2.32kg trong khi đó HP Pavilion 15-cs1009TU chỉ đạt cân nặng 1.8kg và mỏng hơn 9mm. Đây quả thực là một nỗ lực cải thiện và phát triển sản phẩm đáng kể tới tử tập đoàn công nghệ Hòa Kỳ HP. </li>\r\n<li>HP Pavilion 15-cs1009TU được trang bị bàn phím chiclet full-size với đèn nền backlit. Tuy nhiên với kích thước nhỏ gọn cộng thêm việc bàn phím full-size khiến cho khoảng cách giữa các phím tương đối hẹp, gây khó khăn cho nếu bạn lần đầu sử dụng chúng và dưới tốc độ tương đối nhanh. </li>\r\n</ul>\r\n', 2, 'hp_3'),
(10, 'Laptop HP Pavilion 14-ce1008TU (5JN06PA)', '', 15390000, 0, 0, '0000-00-00', '0000-00-00', 0, '2019-04-29 03:53:18', '0000-00-00 00:00:00', '<h4>Tên sản phẩm: Máy tính xách tay/ Laptop HP Pavilion 14-ce1008TU (5JN06PA) (i5-8265U)\r\n</h4>\r\n<ul>\r\n<li>CPU: Intel Core i5-8265U ( 1.6 GHz - 3.9 GHz / 6MB / 4 nhân, 8 luồng ) </li>\r\n<li>Màn hình: 14\" IPS ( 1920 x 1080 ) , không cảm ứng </li>\r\n<li>RAM: 1 x 4GB DDR4 2666MHz </li>\r\n<li>Đồ họa: Intel UHD Graphics 620 </li>\r\n<li>Lưu trữ: 1TB HDD 5400RPM </li>\r\n<li>Hệ điều hành: Windows 10 Home SL 64-bit </li>\r\n<li>Pin: 3 cell 41 Wh Pin liền , khối lượng: 1.6 kg</li>\r\n</ul>\r\n<h4>Chi tiết sản phẩm</h4>\r\n<ul>\r\n<li>Từ doanh nhân, cho tới người dùng phổ thông, cho tới gamer; Pavilion có lẽ là một trong những dòng Laptop đa dạng nhất, không chỉ bởi HP nói riêng mà còn nói chung cho các thương hiệu máy tính xách tay. Cái tên Pavilion đã luôn là một line-up laptop mạnh mẽ trong phân khúc tầm trung, với phiên bản sau là một nâng cấp rõ rệt so với phiên bản trước. HP Pavilion 14-ce1013TU cũng phát huy truyền thống đó của dòng laptop \"con cưng\" của HP với dung lượng pin cải thiện, điểm yếu của phiên bản 2017. Nhưng liệu như vậy đã đủ để trở thành lựa chọn của người tiêu dùng mới? Hãy cùng tìm hiểu trong bài đánh giá ngắn sau. </li>\r\n<li>Giống như sản phẩm tiền nhiệm với ưu điểm về âm thanh nhờ sự góp mặt của hệ thống loa B&O, Pavilion 14-ce1008TU  vẫn đem lại âm thanh chất lượng đó. Tuy nhiên âm bass không được khỏe và thiếu lực, nhược điểm điển hình của loa laptop. Dù sao, sự phối hợp với Bang&Olufsen cũng đã đem lại hiệu quả rõ rệt trong âm thanh của laptop HP so với những thương hiệu khác, với chất âm ổn định trên mọi mức âm lượng. </li>\r\n<li>Dòng U-Series gồm i7-8565U, i5-8265U và i3-8145U, tất cả đều có tính năng siêu luồng, chỉ i3 có lõi kép, còn lại i5 và i7 đều có lõi tứ với khác biệt duy nhất là ở tốc độ xung nhịp. Dòng chip này cũng hỗ trợ âm thanh Dolby Vision HDR và Dolby Atmos. Những cải thiện này là nhờ có PCH mới tích hợp DSP lõi tứ và tích hợp MAC không dây, hỗ trợ kênh âm 802.11ACw/160MHz. </li>\r\n</ul>\r\n', 3, 'hp_3'),
(11, 'Laptop HP Pavilion 14-ce1014TU (5JN05PA)(14\"/Intel Core i3-8145U 2.1 GHz - 3.9 GHz/4GB/500GB HDD/Intel UHD Graphics 620/Windows 10 Home SL 64-bit/1.6kg)', '', 13090000, 0, 0, '0000-00-00', '0000-00-00', 0, '2019-05-07 11:32:58', '0000-00-00 00:00:00', '<h4>Tên sản phẩm: Máy tính xách tay/ Laptop HP Pavilion 14-ce1014TU (5JN05PA) (i3-8145U)\r\n</h4>\r\n<ul>\r\n<li>CPU: Intel Core i3-8145U ( 2.1 GHz - 3.9 GHz / 4MB / 2 nhân, 4 luồng ) </li>\r\n<li>Màn hình: 14\" IPS ( 1920 x 1080 ) , không cảm ứng </li>\r\n<li>RAM: 1 x 4GB DDR4 2666MHz </li>\r\n<li>Đồ họa: Intel UHD Graphics 620 </li>\r\n<li>Lưu trữ: 500GB HDD 5400RPM </li>\r\n<li>Hệ điều hành: Windows 10 Home SL 64-bit </li>\r\n<li>Pin: 3 cell 41 Wh Pin liền , khối lượng: 1.6 kg</li>\r\n</ul>\r\n<h4>Chi tiết sản phẩm</h4>\r\n<ul>\r\n<li>So sánh với phiên bản của năm cũ, thì Pavilion 14-ce1014TU vẫn mang thiết kế đơn giản đó, chỉ với một vài thay đổi đáng kể. Cụ thể như phần chốt xoay với các góc bo tròn giờ đây được mang kiểu dáng vuông vắn, góp phần tạo nên khung máy tổng thể sạch sẽ và tối giản hơn nhiều. Khung máy được làm từ nhựa ABS tổng hợp với lớp phủ matte đem lại để toát lên và khiến người dùng cảm nhận được sự cao cấp của chiếc laptop. Sự tiếp cận mới mẻ này cũng nâng tầm dòng Pavilion nên với những người anh em “sang chảnh” hơn như Spectre hay Envy. </li>\r\n<li>Phần nắp máy được phủ một lớp sơn bạc nhám tạo cảm giác như kim loại nguyên khối, lớp sơn nhám này có ưu điểm tránh được trầy xước và dấu vân tay khi sử dụng.  Logo HP được in sáng bóng chính giữa nổi bật trên nền màu vàng nhạt trông rất bắt mắt. </li>\r\n<li>Phiên bản năm 2017 có khối lượng 2.32kg trong khi đó Laptop HP Pavilion 14-ce1014TU rất “mảnh mai” với kích thước 326.8 x 221.7.6 x 17.9 mm và trọng lượng cực nhẹ 1.63 kg. “Vóc dáng nhỏ nhắn” là 1 ưu điểm được nhiều người lựa chọn với khả năng di chuyển tiện lợi, dễ dàng tìm thấy các sản phẩm túi chống sốc phù hợp kích thước cũng như các loại ba lô hay túi sách. </li>\r\n</ul>\r\n', 4, 'hp_3'),
(12, 'Laptop HP Pavilion 14-ce1009TU (5JN09PA)(14\"/Intel Core i3-8145U 2.1 GHz - 3.9 GHz/4GB/1TB HDD/Intel UHD Graphics 620/Windows 10 Home SL 64-bit/1.6kg)', '', 13290000, 0, 0, '0000-00-00', '0000-00-00', 0, '2019-05-07 11:33:00', '0000-00-00 00:00:00', '<h4>Tên sản phẩm: Máy tính xách tay/ Laptop HP Pavilion 14-ce1009TU (5JN09PA) (i3-8145U)\r\n</h4>\r\n<ul>\r\n<li>CPU: Intel Core i3-8145U ( 2.1 GHz - 3.9 GHz / 4MB / 2 nhân, 4 luồng ) </li>\r\n<li>Màn hình: 14\" IPS ( 1920 x 1080 ) , không cảm ứng </li>\r\n<li>RAM: 1 x 4GB DDR4 2666MHz </li>\r\n<li>Đồ họa: Intel UHD Graphics 620 </li>\r\n<li>Lưu trữ: 1TB HDD 5400RPM </li>\r\n<li>Hệ điều hành: Windows 10 Home SL 64-bit </li>\r\n<li>Pin: 3 cell 41 Wh Pin liền , khối lượng: 1.6 kg</li>\r\n</ul>\r\n<h4>Chi tiết sản phẩm</h4>\r\n<ul>\r\n<li> So sánh với phiên bản của năm cũ, thì Pavilion 14-ce1009TU vẫn mang thiết kế đơn giản đó, chỉ với một vài thay đổi đáng kể. Cụ thể như phần chốt xoay với các góc bo tròn giờ đây được mang kiểu dáng vuông vắn, góp phần tạo nên khung máy tổng thể sạch sẽ và tối giản hơn nhiều. Khung máy được làm từ nhựa ABS tổng hợp với lớp phủ matte đem lại để toát lên và khiến người dùng cảm nhận được sự cao cấp của chiếc laptop. Sự tiếp cận mới mẻ này cũng nâng tầm dòng Pavilion nên với những người anh em \"sang chảnh\" hơn như Spectre hay Envy. </li>\r\n<li> Phần nắp máy được phủ một lớp sơn bạc nhám tạo cảm giác như kim loại nguyên khối, lớp sơn nhám này có ưu điểm tránh được trầy xước và dấu vân tay khi sử dụng.  Logo HP được in sáng bóng chính giữa nổi bật trên nền màu hồng trông rất bắt mắt. </li>\r\n<li> Thiết kế nhỏ gọn là vậy nhưng máy vẫn được trang bị không thiếu một cổng hỗ trợ kết nối nào. Sườn phải chúng ta có cổng sạc, cổng HDMI, cổng USB type-C và cổng mạng LAN. cổng mạng LAN được thiết kế khá lạ mắt với cách hoạt động như cái quai hàm có thể “ngoạm” chặt rất chắc chắn. Sườn trái có ổ K-lock 2 cổng USB 3.0, jack 3.5 và một khe thẻ nhớ SD. </li>\r\n</ul>\r\n', 5, 'hp_3'),
(13, 'Laptop HP Pavilion 15-cs1008TU (5JL24PA)', '', 15390000, 0, 0, '0000-00-00', '0000-00-00', 0, '2019-05-07 11:33:04', '0000-00-00 00:00:00', '<h4>Tên sản phẩm: Máy tính xách tay/ Laptop HP Pavilion 15-cs1008TU (5JL24PA) (i5-8265U) (Xám)</h4>\r\n<ul>\r\n<li>CPU: Intel Core i5-8265U ( 1.6 GHz - 3.9 GHz / 6MB / 4 nhân, 8 luồng ) </li>\r\n<li>Màn hình: 15.6\" ( 1920 x 1080 ) , không cảm ứng </li>\r\n<li>RAM: 1 x 4GB DDR4 2666MHz </li>\r\n<li>Đồ họa: Intel UHD Graphics 620 </li>\r\n<li>Lưu trữ: 1TB HDD 5400RPM </li>\r\n<li>Hệ điều hành: Windows 10 Home SL 64-bit </li>\r\n<li>Pin: 3 cell 41 Wh Pin liền , khối lượng: 1.9 kg</li>\r\n</ul>\r\n<h4>Chi tiết sản phẩm</h4>\r\n<ul>\r\n<li>Phiên bản năm 2017 có khối lượng 2.32kg trong khi đó HP Pavilion 15-cs1008TU chỉ đạt cân nặng 1.8kg. Đây quả thực là một nỗ lực cải thiện và phát triển sản phẩm đáng kể tới tử tập đoàn công nghệ Hòa Kỳ HP. </li>\r\n<li>Giống như sản phẩm tiền nhiệm với ưu điểm về âm thanh nhờ sự góp mặt của hệ thống loa B&O, Pavilion 15-cs1008TU vẫn đem lại âm thanh chất lượng đó. Tuy nhiên âm bass không được khỏe và thiếu lực, nhược điểm điển hình của loa laptop. Dù sao, sự phối hợp với Bang&Olufsen cũng đã đem lại hiệu quả rõ rệt trong âm thanh của laptop HP so với những thương hiệu khác, với chất âm ổn định trên mọi mức âm lượng. </li>\r\n<li>HP Pavilion 15-cs1008TU được trang bị bàn phím chiclet full-size với đèn nền backlit. Tuy nhiên với kích thước nhỏ gọn cộng thêm việc bàn phím full-size khiến cho khoảng cách giữa các phím tương đối hẹp, gây khó khăn cho nếu bạn lần đầu sử dụng chúng và dưới tốc độ tương đối nhanh. </li>\r\n</ul>\r\n', 6, 'hp_3'),
(14, 'Laptop HP Notebook 14-cK0066TU (4ME76PA) (14\"/N5000 1.1 GHz - 2.7 GHz/4GB RAM/500GB HDD/Intel UHD Graphics 605/Free DOS/1.6kg)', '', 7090000, 0, 0, '0000-00-00', '0000-00-00', 0, '2019-04-29 03:53:32', '0000-00-00 00:00:00', '<h4>Tên sản phẩm: Máy tính xách tay/ Laptop HP 14-cK0066TU (4ME76PA) (Đen)</h4>\r\n<ul>\r\n<li>CPU: Intel Pentium Silver N5000 ( 1.1 GHz - 2.7 GHz / 4MB / 4 nhân, 4 luồng ) </li>\r\n<li> Màn hình: 14\" ( 1366 x 768 ) , không cảm ứng </li>\r\n<li>RAM: 1 x 4GB DDR4 2666MHz </li>\r\n<li>Đồ họa: Intel UHD Graphics 605 </li>\r\n<li>Lưu trữ: 500GB HDD 5400RPM </li>\r\n<li>Hệ điều hành: Free DOS </li>\r\n<li>Pin: 3 cell 41 Wh Pin liền , khối lượng: 1.6 kg</li>\r\n</ul>\r\n<h4>Chi tiết sản phẩm</h4>\r\n<ul>\r\n<li>Thông tin sản phẩm sẽ được cập nhật trong thời gian sớm nhất</li>\r\n</ul>\r\n\r\n', 1, 'hp_1'),
(15, 'Laptop HP Notebook 14-cK0067TU (4ME84PA) (14\"/i3-7020U 2.3 GHz/4GB RAM/500GB HDD/Intel HD Graphics 620/Free DOS/1.6kg)', '', 9890000, 0, 0, '0000-00-00', '0000-00-00', 0, '2019-05-07 11:33:10', '0000-00-00 00:00:00', '<h4>Tên sản phẩm: Máy tính xách tay/ Laptop HP 14-cK0067TU (4ME84PA) (Bạc)</h4>\r\n<ul>\r\n<li>CPU: Intel Core i3-7020U ( 2.3 GHz / 3MB / 2 nhân, 4 luồng ) </li>\r\n<li>Màn hình: 14\" ( 1366 x 768 ) , không cảm ứng </li>\r\n<li>RAM: 1 x 4GB DDR4 2666MHz </li>\r\n<li>Đồ họa: Intel HD Graphics 620 </li>\r\n<li>Lưu trữ: 500GB HDD 5400RPM </li>\r\n<li>Hệ điều hành: Free DOS </li>\r\n<li> Pin: 3 cell 41 Wh Pin liền , khối lượng: 1.6 kg</li>\r\n</ul>\r\n<h4>Chi tiết sản phẩm</h4>\r\n<ul>\r\n<li>Thông tin sản phẩm sẽ được cập nhật trong thời gian sớm nhất</li>\r\n</ul>\r\n', 2, 'hp_1'),
(16, 'Laptop HP Notebook 15-da1031TX (5NK55PA) (15.6\"/i5-8265U 1.6 GHz - 3.9 GHz/4GB RAM/1TB HDD/NVIDIA GeForce MX110 2GB/Windows 10 Home SL 64-bit/1.8kg)', '', 15390000, 0, 0, '0000-00-00', '0000-00-00', 0, '2019-05-07 11:33:13', '0000-00-00 00:00:00', '<h4>Tên sản phẩm: Máy tính xách tay/ Laptop HP 15-da1031TX (5NK55PA)</h4>\r\n<ul>\r\n<li>CPU: Intel Core i5-8265U ( 1.6 GHz - 3.9 GHz / 6MB / 4 nhân, 8 luồng ) </li>\r\n<li>Màn hình: 15.6\" ( 1366 x 768 ) , không cảm ứng </li>\r\n<li>RAM: 1 x 4GB DDR4 2400MHz </li>\r\n<li>Đồ họa: Intel UHD Graphics 620 / NVIDIA GeForce MX110 2GB GDDR5 </li>\r\n<li>Lưu trữ: 1TB HDD 5400RPM </li>\r\n<li>Hệ điều hành: Windows 10 Home SL 64-bit </li>\r\n<li>Pin: 3 cell 41 Wh Pin liền , khối lượng: 1.8 kg</li>\r\n</ul>\r\n<h4>Chi tiết sản phẩm</h4>\r\n<ul>\r\n<li>HP từ trước tới giờ vẫn luôn là thương hiệu máy tính rất nổi tiếng với các dòng máy hỗ trợ cho các nhu cầu sử dụng khác nhau với các tên gọi khác nhau như Pavillion, Envy, … Bên cạnh  những dòng sản phẩm cao cấp đó, HP còn cung cấp cả những sản phẩm dành cho đối tượng thấp hơn, trong đó chủ yếu là các bạn sinh viên, những người vốn có ít hầu bao để chi tiêu.  Đem đến gần như mọi tiêu chí nói trên HP Notebook 15-da1031TX (5NK55PA), xứng đáng là một lựa chọn đáng cân nhắc cho người tiêu dùng muốn một chiếc laptop mới. </li>\r\n<li>Phần nắp máy vẫn là một thiết kế khá quen thuộc của HP với một mặt top trống và trơn , logo HP đặc trưng được mạ bóng đặt chính giữa chiếc nắp không quá đặc biệt nhưng vẫn phần nào cho chúng ta cảm giác khá lịch sự. Đối với game thủ yêu cái đẹp, nếu máy được sản xuất với những mẫu Laptop với màu khác tối hơn đậm hơn có lẽ sẽ cuốn hút hơn nhiều. </li>\r\n<li>Ưu điểm của nắp máy là ít bám vân tay và bụi bẩn. Các đường cong bo tròn bao quanh thân máy kết hợp 2 nút nhựa để khi bạn nâng màn hình cao sẽ đồng thời giúp nâng máy lên để người dùng trải nghiệm đánh máy thoải mái hơn. </li>\r\n</ul>\r\n', 3, 'hp_1'),
(17, 'Laptop HP Notebook 14-ck1004TU (5QH84PA)', '', 14390000, 0, 0, '0000-00-00', '0000-00-00', 0, '2019-05-07 11:33:18', '0000-00-00 00:00:00', '<h4>Tên sản phẩm: Máy tính xách tay/ Laptop HP 14-ck1004TU (5QH84PA) (i5-8265U)</h4>\r\n<ul>\r\n<li>CPU: Intel Core i5-8265U ( 1.6 GHz - 3.9 GHz / 6MB / 4 nhân, 8 luồng ) </li>\r\n<li>Màn hình: 14\" ( 1366 x 768 ) , không cảm ứng </li>\r\n<li>RAM: 1 x 4GB DDR4 2666MHz </li>\r\n<li>Đồ họa: Intel UHD Graphics 620 </li>\r\n<li>Lưu trữ: 1TB HDD 5400RPM </li>\r\n<li>Hệ điều hành: Windows 10 Home SL 64-bit </li>\r\n<li>Pin: 3 cell 41 Wh Pin liền , khối lượng: 1.5 kg</li>\r\n</ul>\r\n<h4>Chi tiết sản phẩm</h4>\r\n<ul>\r\n<li>Apple đã luôn luôn là một cái tên đi đầu trong giới công nghệ gần một thập kỉ qua về tính sáng tạo trong thiết kế và những tính năng với trên iPhone, iPad, MacBook... Trong đó MacBook Pro là một lựa chọn tuyệt vời cho người dùng chuyên nghiệp khi lựa chọn ultrabook bởi khả năng xử lý tuyệt vời với những công cụ như Photoshop, Adobe</li>\r\n<li>Phiên bản năm 2017 có khối lượng 2.32kg trong khi đó HP Notebook 14-ck1004TU chỉ đạt cân nặng 1.7kg. Đây quả thực là một nỗ lực cải thiện và phát triển sản phẩm đáng kể tới từ tập đoàn công nghệ Hoa Kỳ HP. </li>\r\n<li>Giống như sản phẩm tiền nhiệm với ưu điểm về âm thanh nhờ sự góp mặt của hệ thống loa B&O, Laptop HP Notebook 14-ck1004TU vẫn đem lại âm thanh chất lượng đó. Tuy nhiên âm bass không được khỏe và thiếu lực, nhược điểm điển hình của loa laptop. Dù sao, sự phối hợp với Bang&Olufsen cũng đã đem lại hiệu quả rõ rệt trong âm thanh của laptop HP so với những thương hiệu khác, với chất âm ổn định trên mọi mức âm lượng. </li>\r\n</ul>\r\n\r\n', 4, 'hp_1'),
(18, 'Laptop HP Notebook 14-cK0068TU (4ME90PA) (14\"/i3-7020U 2.3 GHz/4GB RAM/500GB HDD/Intel HD Graphics 620/Windows 10 Home SL 64-bit/1.6kg)', '', 10390000, 0, 0, '0000-00-00', '0000-00-00', 0, '2019-05-07 11:33:21', '0000-00-00 00:00:00', '<h4>Tên sản phẩm: Máy tính xách tay/ Laptop HP 14-cK0068TU (4ME90PA) (Bạc)</h4>\r\n<ul>\r\n<li>CPU: Intel Core i3-7020U ( 2.3 GHz / 3MB / 2 nhân, 4 luồng ) </li>\r\n<li>Màn hình: 14\" ( 1366 x 768 ) , không cảm ứng </li>\r\n<li>RAM: 1 x 4GB DDR4 2666MHz </li>\r\n<li>Đồ họa: Intel HD Graphics 620 </li>\r\n<li>Lưu trữ: 500GB HDD 5400RPM </li>\r\n<li>Hệ điều hành: Windows 10 Home SL 64-bit </li>\r\n<li>Pin: 3 cell 41 Wh Pin liền , khối lượng: 1.6 kg</li>\r\n</ul>\r\n<h4>Chi tiết sản phẩm</h4>\r\n<ul>\r\n<li>Thông tin sản phẩm sẽ được cập nhật trong thời gian sớm nhất</li>\r\n</ul>\r\n\r\n', 5, 'hp_1'),
(19, 'Laptop HP Notebook 15-da0051TU (4ME64PA) (15.6\"/i3-7020U 2.3 GHz/4GB RAM/500GB HDD/Intel HD Graphics 620/Windows 10 Home SL 64-bit/1.8kg)', '', 10290000, 0, 0, '0000-00-00', '0000-00-00', 0, '2019-05-07 11:33:25', '0000-00-00 00:00:00', '<h4>Tên sản phẩm: Máy tính xách tay/ Laptop HP 15-da0051TU (4ME64PA)</h4>\r\n<ul>\r\n<li>CPU: Intel Core i3-7020U ( 2.3 GHz / 3MB / 2 nhân, 4 luồng ) </li>\r\n<li>Màn hình: 15.6\" ( 1366 x 768 ) , không cảm ứng </li>\r\n<li>RAM: 1 x 4GB DDR4 2666MHz </li>\r\n<li>Đồ họa: Intel HD Graphics 620 </li>\r\n<li>Lưu trữ: 500GB HDD 5400RPM </li>\r\n<li>Hệ điều hành: Windows 10 Home SL 64-bit </li>\r\n<li>Pin: 3 cell 41 Wh Pin liền , khối lượng: 1.8 kg</li>\r\n</ul>\r\n<h4>Chi tiết sản phẩm</h4>\r\n<ul>\r\n<li>Với mức giá dao động 10 triệu Đồng, laptop HP 15 - da0051TU (i3-7020U) là cái tên sáng giá dành cho các bạn sinh viên nhu cầu mua 1 chiếc laptop đáp ứng tốt việc học tập và giải trí cơ bản. </li>\r\n<li>HP từ trước tới giờ vẫn luôn là thương hiệu máy tính rất nổi tiếng với các dòng máy hỗ trợ cho các nhu cầu sử dụng khác nhau với các tên gọi khác nhau như Pavillion, Envy, Smart touch ,... Bên cạnh  những dòng sản phẩm cao cấp đó, HP còn cung cấp cả những sản phẩm dành cho đối tượng thấp hơn, trong đó chủ yếu là các bạn sinh viên, những người vốn có ít hầu bao để chi tiêu. Hãy cùng Phong Vũ review 1 chiếc laptop như vây, đó chính là HP 15 - da0051TU. </li>\r\n<li>Thiết kế của mẫu Laptop này khá cơ bản và không quá ấn tượng . Nhìn chung thì đối với đối tượng người dùng lựa chọn dựa trên tiêu chí p/p ( hiệu năng trên giá thành)  của nó thì đây vẫn là một mức giá hoàn toàn chấp nhận được đối với một dòng sản phẩm đã được ra mắt khá lâu rồi. </li>\r\n</ul>\r\n', 6, 'hp_1'),
(20, 'Laptop Acer Nitro 5 AN515-51-739L (NH.Q2SSV.007) (15.6\"/i7-7700HQ 2.8 GHz - 3.8 GHz/8GB RAM/1TB HDD/NVIDIA GeForce GTX 1050 2GB/Windows 10 Home SL 64-bit/2.4kg)', '', 23990000, 0, 0, '2019-04-08', '2019-06-19', 0.2, '2019-05-07 15:29:10', '0000-00-00 00:00:00', '<h4> Tên sản phẩm: Máy tính xách tay/ Laptop Acer Nitro 5 AN515-51-739L (NH.Q2SSV.007) (Đen)</h4>\r\n<ul>\r\n<li>CPU: Intel Core i7-7700HQ ( 2.8 GHz - 3.8 GHz / 6MB / 4 nhân, 8 luồng ) </li>	\r\n<li>Màn hình: 15.6\" IPS ( 1920 x 1080 ) , không cảm ứng </li>\r\n<li>RAM: 1 x 8GB DDR4 2400MHz </li>\r\n<li>Đồ họa: Intel HD Graphics 630 / NVIDIA GeForce GTX 1050 2GB </li>\r\n<li>Lưu trữ: 1TB HDD 5400RPM </li>\r\n<li> Hệ điều hành: Windows 10 Home SL 64-bit </li>\r\n<li>Pin: 4 cell 48 Wh Pin liền , khối lượng: 2.4 kg</li>\r\n</ul>\r\n<h4>Thông tin chi tiết</h4>\r\n<ul>\r\n<li>Với vẻ ngoài đậm chất Gaming, cực ngầu với hai tông màu đỏ đen đồng nhất, mặt trước nắp gập được thiết kế dạng vân xước dọc rất tinh tế. Máy có độ dày là 26.75 mm và cân nặng 2.7 kg, viền màn hình dày và chắc chắn. </li>\r\n<li>Nằm trong phân khúc chuyên game và phải cạnh tranh rất quyết liệt trong đấu trường \"UFC GAMING\", vì vậy Acer Nitro 5 AN515 được trang bị Intel Core i7 Kabylake 7700HQ, cùng với 8 GB RAM chuẩn DDR4 tốc độ bus 2400 MHz, ổ cứng HDD 1 TB thoải mái lưu trữ dữ liệu của các game, đặc biệt có sự xuất hiện của vũ khí card rời NVIDIA GeForce GTX 1050 cũng khiến các đối thủ cùng phân khúc phải e dè. </li>\r\n<li>Thách thức xử lý đồ họa: Với cấu hình đã nói trên, Acer Nitro 5 AN515 mang trong mình cấu hình “khủng” nên ngoài việc chơi game, máy cũng là sự lựa chọn cho người dùng làm việc về thiết kế độ họa. </li>\r\n<li>Với kích thước màn hình 15.6 inch, độ phân giải Full HD (1920 x 1080) với tỷ lệ 16:9 kết hợp với tấm nền IPS cho phép bạn nhìn rõ màn hình dưới mọi góc độ, thỏa sức chiến game. </li>\r\n<li>Laptop Acer Nitro 5 AN515 rất đáng để bạn quan tâm và lựa chọn nếu bạn là một người đam mê, yêu thích chơi game hoặc là làm các công việc về ứng dụng đồ họa. </li>\r\n</ul>\r\n', 1, 'acer_1'),
(21, 'Laptop Acer Nitro 5 AN515-51-74PU (NH.Q2QSV.008) (15.6\"/i7-7700HQ 2.8 GHz - 3.8 GHz/8GB RAM/1TB HDD/NVIDIA GeForce GTX 1050Ti 4GB/Windows 10 Home SL 64-bit/2.5kg)', '', 22990000, 0, 0, '0000-00-00', '0000-00-00', 0, '2019-05-07 15:29:14', '0000-00-00 00:00:00', '<h4>Tên sản phẩm: Máy tính xách tay/ Laptop Acer Nitro 5 AN515-51-74PU (NH.Q2QSV.008) (Đen)</h4>\r\n<ul>\r\n<li> CPU: Intel Core i7-7700HQ ( 2.8 GHz - 3.8 GHz / 6MB / 4 nhân, 8 luồng ) </li>\r\n<li> Màn hình: 15.6\" IPS ( 1920 x 1080 ) , không cảm ứng </li>\r\n<li> RAM: 1 x 8GB DDR4 2666MHz </li>\r\n<li> Đồ họa: Intel HD Graphics 630 / NVIDIA GeForce GTX 1050Ti 4GB </li>\r\n<li> Lưu trữ: 1TB HDD 5400RPM </li>\r\n<li> Hệ điều hành: Windows 10 Home SL 64-bit </li>\r\n<li> Pin: 4 cell 48 Wh Pin liền , khối lượng: 2.5 kg</li>\r\n</ul>\r\n<h4>Thông tin chi tiết</h4>\r\n<ul>\r\n<li>Với dòng laptop gaming Nitro độc quyền ra mắt không lâu, Acer chính thức gia nhập cuộc đua trong thị trường nóng hổi và có yêu cầu khắt khe nhất dành cho game thủ, những cá nhân có niềm đam mê với các tựa game mới nhất thách thức các giới hạn về hiệu năng một chiếc laptop có thể sở hữu mà vẫn đảm bảo tình thẩm mỹ trong thiết kế.</li>\r\n<li>Acer luôn là một trong những thương hiệu laptop đến từ Đài Loan được tin dùng nhất trên thị trường quốc tế cũng như đối với người tiêu dùng Việt Nam bởi sự đa dạng trong thiết kế, các mẫu mã máy và cấu hình cao so với những sản phẩm cùng phân khúc của đối thủ. Liệu chiếc laptop Acer Nitro 5 AN515-51-74PU gaming có thể đáp ứng được những mong chờ của các chuyên gia cũng như gamer toàn cầu. Hãy cùng Phong Vũ đánh giá sản phẩm thông qua bài viết dưới đây. </li>\r\n<li>Xuất xưởng với xung nhịp tối thiểu 2.8Ghz nhưng với công nghệ Intel Turbo Boost, 7700HQ hoàn toàn có thể tự gia tăng xung nhịp lên 3.4Ghz ( cả bốn lõi ), 3.6Ghz ( hai lõi ) và 3.8Ghz ( đơn lõi ) khi load. Nhìn chung, đây là CPU mạnh mẽ và laà lựa chọn hàng đầu mà một laptop gaming cần phải có khi sức mạnh điện toán thuần túy của nó hơn tới 10% người tiền nhiệm i7-6700HQ. </li>\r\n<li>Với phần mềm Acer Quick Access độc quyền, Acer cho phép khách hàng được tự mình điều chỉnh chế độ của quạt thông qua tùy chỉnh CoolBoost giúp gia tăng tốc độ vòng quay, đem đến giải pháp tỏa nhiệt hiệu quả hơn. Việc các luồng khí được lưu thông tốt qua lưới tản nhiệt to nạc ở phía sau đương nhiên sẽ giảm tải nhiệt lượng lớn của CPU và GPU và khiến chúng hoạt độn hiệu quả hơn. Duy chỉ có điều tiếng ồn sẽ tương đối dễ nhận biết và gây khó chịu cho những cá nhân nhạy cảm với âm thanh. </li>\r\n</ul>\r\n', 2, 'acer_1'),
(22, 'Laptop Acer Nitro 5 AN515-52-75FT (NH.Q3LSV.003) (15.6\"/i7-8750H 2.2 GHz - 4.1 GHz/8GB RAM/128GB SSD + 1TB HDD/NVIDIA GeForce GTX 1050Ti 4GB/Linux/2.4kg)            ', '', 26990000, 0, 0, '0000-00-00', '0000-00-00', 0, '2019-05-07 15:29:17', '0000-00-00 00:00:00', '<h4>Tên sản phẩm: Máy tính xách tay/ Laptop Acer Nitro 5 AN515-52-75FT (NH.Q3LSV.003)</h4> <ul> <li> CPU: Intel Core i7-8750H ( 2.2 GHz - 4.1 GHz / 9MB / 6 nhân, 12 luồng ) </li> <li> Màn hình: 15.6\" IPS ( 1920 x 1080 ) , không cảm ứng </li> <li> RAM: 1 x 8GB DDR4 2666MHz </li> <li> Đồ họa: Intel UHD Graphics 630 / NVIDIA GeForce GTX 1050Ti 4GB </li> <li> Lưu trữ: 128GB SSD M.2 SATA / 1TB HDD 5400RPM </li> <li> Hệ điều hành: Linux </li> <li> Pin: 4 cell 48 Wh Pin liền , khối lượng: 2.4 kg</li> </ul> <h4>Thông tin chi tiết</h4> <ul> <li> Acer Nitro 5 AN515-52-75FT với thiết kế lớp vỏ vân Carbon mạnh mẽ kết hợp với bản lề màu đỏ nổi bật đậm chất gaming. </li> <li> Với việc Acer Nitro 5 AN515-52-75FT được trang bị tấm nền IPS giúp game thủ trải nghiệm game một cách tốt nhất. </li> <li> Với việc Acer Nitro 5 AN515-52-75FT sử dụng CPU Intel Coffee Lake thế hệ 8 mới nhất cho sức mạnh vô cùng ấn tượng và chơi mượt các tựa game mới nhất hiện nay</li> <li> Acer Nitro 5 sở hữu chip Intel Coffee Lake thế hệ 8 đầu tiên tại Việt Nam đủ sức cân tất cả các game esport mới nhất hiện nay. </li> </ul>', 3, 'acer_1'),
(24, 'Laptop Acer Nitro 5 AN515-52-70AE (NH.Q3LSV.007)	', '', 24990000, 0, 0, '0000-00-00', '0000-00-00', 0, '2019-04-29 03:54:22', '0000-00-00 00:00:00', '<h4>Tên sản phẩm: Máy tính xách tay/ Laptop Acer Nitro 5 AN515-52-70AE (NH.Q3LSV.007) (i7-8750H)</h4>\r\n<ul>\r\n<li>CPU: Intel Core i7-8750H ( 2.2 GHz - 4.1 GHz / 9MB / 6 nhân, 12 luồng ) </li>\r\n<li>Màn hình: 15.6\" IPS ( 1920 x 1080 ) , không cảm ứng </li>\r\n<li>RAM: 1 x 8GB DDR4 2666MHz </li>\r\n<li>Đồ họa: Intel UHD Graphics 630 / NVIDIA GeForce GTX 1050Ti 4GB GDDR5</li> \r\n<li>Lưu trữ: 1TB HDD 7200RPM </li>\r\n<li>Hệ điều hành: Windows 10 Home SL 64-bit </li>\r\n<li>Pin: 4 cell 48 Wh Pin liền , khối lượng: 2.5 kg</li>\r\n</ul>\r\n<h4>Thông tin chi tiết</h4>\r\n<ul>\r\n<li>Acer Nitro 5 AN515-52-70AE với thiết kế lớp vỏ vân Carbon mạnh mẽ kết hợp với bản lề màu đỏ nổi bật đậm chất gaming. </li>\r\n<li>Với việc Acer Nitro 5 AN515-52-70AE được trang bị tấm nền IPS giúp game thủ trải nghiệm game một cách tốt nhất. </li>\r\n<li>Với việc Acer Nitro 5 AN515-52-70AE sử dụng CPU Intel Coffee Lake thế hệ 8 mới nhất cho sức mạnh vô cùng ấn tượng và chơi mượt các tựa game mới nhất hiện nay. </li>\r\n<li>Acer Nitro 5 AN515-52-70AE sở hữu chip Intel Coffee Lake thế hệ 8 đầu tiên tại Việt Nam đủ sức cân tất cả các game esport mới nhất hiện nay. </li>\r\n</ul>\r\n', 4, 'acer_1'),
(25, 'Laptop Acer Nitro 5 AN515-52-70TD (NH.Q3LSV.008) (15.6\"/i7-8750H 2.2 GHz - 4.1 GHz/8GB RAM/1TB HDD/NVIDIA GeForce GTX 1050Ti 4GB/Linux/2.4kg)', '', 25490000, 0, 0, '0000-00-00', '0000-00-00', 0, '2019-05-07 15:29:24', '0000-00-00 00:00:00', '<h4>Tên sản phẩm: Máy tính xách tay/ Laptop Acer Nitro 5 AN515-52-70TD (NH.Q3LSV.008) (i7-8750H) (Đen)</h4>\r\n<ul>\r\n<li>CPU: Intel Core i7-8750H ( 2.2 GHz - 4.1 GHz / 9MB / 6 nhân, 12 luồng ) </li>\r\n<li>Màn hình: 15.6\" IPS ( 1920 x 1080 ) , không cảm ứng </li>\r\n<li>RAM: 1 x 8GB DDR4 2400MHz </li>\r\n<li>Đồ họa: Intel UHD Graphics 630 / NVIDIA GeForce GTX 1050Ti 4GB GDDR5 </li>\r\n<li> Lưu trữ: 1TB HDD 5400RPM </li>\r\n<li>Hệ điều hành: Linux </li>\r\n<li> Pin: 4 cell 48 Wh Pin liền , khối lượng: 2.4 kg</li>\r\n</ul>\r\n<h4>Thông tin chi tiết</h4>\r\n<ul>\r\n<li>Acer Nitro 5 AN515-52-70TD với thiết kế lớp vỏ vân Carbon mạnh mẽ kết hợp với bản lề màu đỏ nổi bật đậm chất gaming. </li>\r\n<li>Với việc Acer Nitro 5 AN515-52-70TD được trang bị tấm nền IPS giúp game thủ trải nghiệm game một cách tốt nhất. Đây hẳn là một động thái cạnh tranh khốc liệt khi tích hợp thêm tần số quét 144 Hz, hiếm hoi trong tầm giá này. Hình ảnh vẫn rất ấn tượng cùng với chất hình mượt mà nhờ tần số quét cao. </li>\r\n<li>Với việc Acer Nitro 5 AN515-52-70TD sử dụng CPU Intel Coffee Lake thế hệ 8 mới nhất cho sức mạnh vô cùng ấn tượng và chơi mượt các tựa game mới nhất hiện nay. </li>\r\n<li>Hệ thống 2 quạt tản nhiệt kết hợp CoolBoost và Dust Defender độc quyền của Acer giúp hệ thống Acer Nitro 5 AN515-52-70TD hoạt động mát mẻ và hiệu năng luôn ổn định khi chơi game trong thời gian dài. </li>\r\n</ul>\r\n\r\n', 5, 'acer_1'),
(26, 'Laptop Acer Predator Helios 300 G3-572-79S6 (NH.Q2BSV.002) (15.6\"/i7-7700HQ 2.8 GHz - 3.8 GHz/8GB RAM/128GB SSD + 1TB HDD/NVIDIA GeForce GTX 1060 6GB/Linux/2.6kg)', '', 30990000, 0, 0, '0000-00-00', '0000-00-00', 0, '2019-05-07 15:29:27', '0000-00-00 00:00:00', '<h4>Tên sản phẩm: Máy tính xách tay/ Laptop Acer Predator Helios 300 G3-572-79S6 (NH.Q2BSV.002) (Đen)</h4>\r\n<ul>\r\n<li>CPU: Intel Core i7-7700HQ ( 2.8 GHz - 3.8 GHz / 6MB / 4 nhân, 8 luồng ) </li>\r\n<li>Màn hình: 15.6\" IPS ( 1920 x 1080 ) , không cảm ứng </li>\r\n<li>RAM: 1 x 8GB DDR4 2666MHz </li>\r\n<li>Đồ họa: Intel HD Graphics 630 / NVIDIA GeForce GTX 1060 6GB </li>\r\n<li>Lưu trữ: 128GB SSD M.2 SATA / 1TB HDD 5400RPM </li>\r\n<li>Hệ điều hành: Linux </li>\r\n<li>Pin: 4 cell 48 Wh Pin liền , khối lượng: 2.6 kg</li>\r\n</ul>\r\n<h4>Thông tin chi tiết</h4>\r\n<ul>\r\n<li>Thiết kế vỏ kim loại mang lại cảm giác chắc chắn kết hợp logo Predator vô cùng mạnh mẽ thu hút mọi ánh nhìn. </li>\r\n<li>Phần mềm PredatorSense giúp game thủ có thể dễ dàng tùy chỉnh các thiết lập cho hệ thống như điều chỉnh tốc độ quạt, theo dõi nhiệt độ của CPU, GPU. </li>\r\n<li>Màn hình của máy tính xách tay Acer G3-572-79S6 có kích thước 15.6 inches, độ phân giải Full HD, tấm nền IPS cho màu sắc trung thực ở mọi góc độ giúp game thủ có những phút giây trải nghiệm game tuyệt vời nhất. </li>\r\n<li>Predator Helios 300 được trang bị chip HQ thế hệ thứ 7 cho hiệu năng cao vô cùng ấn tượng, kết hợp với card đồ họa Nvidia GTX 1060 đủ sức giúp game thủ có những trải nghiệm mượt mà nhất những tựa game khủng. </li>\r\n</ul>\r\n', 1, 'acer_2'),
(27, 'Laptop Acer Predator Helios PH315-51-77BQ (NH.Q4HSV.001) (15.6\"/i7-8750H 2.2 GHz - 4.1 GHz/16GB RAM/256GB SSD + 1TB HDD/NVIDIA GeForce GTX 1060 6GB/Windows 10 Home SL 64-bit/2.6kg)', '', 40990000, 0, 0, '0000-00-00', '0000-00-00', 0, '2019-05-07 15:29:31', '0000-00-00 00:00:00', '<h4>Tên sản phẩm: Máy tính xách tay/ Laptop ACER Predator Helios PH315-51-77BQ (NH.Q4HSV.001)</h4>\r\n<ul>\r\n<li>CPU: Intel Core i7-8750H ( 2.2 GHz - 4.1 GHz / 9MB / 6 nhân, 12 luồng ) </li>\r\n<li>Màn hình: 15.6\" IPS ( 1920 x 1080 ) , không cảm ứng </li>\r\n<li>RAM: 1 x 16GB DDR4 2666MHz </li>\r\n<li>Đồ họa: Intel UHD Graphics 630 / NVIDIA GeForce GTX 1060 6GB GDDR5 </li>\r\n<li>Lưu trữ: 256GB SSD M.2 NVMe / 1TB HDD 5400RPM </li>\r\n<li>Hệ điều hành: Windows 10 Home SL 64-bit </li>\r\n<li>Pin: 4 cell 48 Wh Pin liền , khối lượng: 2.6 kg</li>\r\n</ul>\r\n<h4>Thông tin chi tiết</h4>\r\n<ul>\r\n<li>Helios 300 Infinity trang bị màn hình FHD 144Hz công nghệ G-SYNC đạt chuẩn game FPS, tối thiểu hóa hiện tượng xé hình khi chơi game và cho trải nghiệm hình ảnh hoàn hảo. Đồng thời tấm nền IPS góc rộng với độ hiển thị màu sắc chính xác. </li>\r\n<li>Thiết kế cao cấp với tone màu vàng trắng chủ đạo, Predator Helios 300 Infinity là sự kết hợp độc đáo giữa thiết kế đột phá và hiệu năng gaming, đi kèm với 3 phụ kiện tone sur tone gồm: chuột Predator, mouse pad Predator và tai nghe In-ear Predator. </li>\r\n<li>Helios 300 Infinity tích hợp 2 quạt AeroBlade 3D, mỗi quạt gồm 59 cánh thép mỏng 0.1mm giúp tăng một lượng gió hút vào trong thân máy lên đến 35%. Phần mềm Predator Sense với chức năng Coolboost vô cùng hữu dụng, khi được kích hoạt sẽ lập tức tăng 10% tốc độ quạt và giảm nhiệt độ xuống 4% chỉ với một thao tác đơn giản. </li>\r\n<li>Toàn bộ hiệu năng mạnh mẽ kế thừa từ bản gốc, Predator Helios 300 - Infinity sở hữu thiết kế đột phá mọi giới hạn kết hợp màn hình tần số quét 144Hz đem lại trải nghiệm chơi game hoàn hảo. </li>\r\n</ul>\r\n\r\n\r\n', 2, 'acer_2'),
(28, 'Laptop Predator Triton 500 PT515-51-79ZP (NH.Q4WSV.002)(15.6\"/Intel Core i7-8750H 2.2 GHz - 4.1 GHz/32GB/512GB SSD/NVIDIA GeForce RTX 2080/Windows 10 Home SL 64-bit/2.1kg)', '', 79990000, 0, 0, '0000-00-00', '0000-00-00', 0, '2019-05-07 15:29:47', '0000-00-00 00:00:00', '<h4>Tên sản phẩm: Máy tính xách tay/ Laptop Acer Predator Triton 500 PT515-51-79ZP (NH.Q4WSV.002) (i7-8750H)</h4>\r\n<ul>\r\n<li>CPU: Intel Core i7-8750H ( 2.2 GHz - 4.1 GHz / 9MB / 6 nhân, 12 luồng ) </li>\r\n<li>Màn hình: 15.6\" IPS ( 1920 x 1080 ) , không cảm ứng </li>\r\n<li>RAM: 32GB DDR4 2666MHz </li>\r\n<li>Đồ họa: Intel UHD Graphics 630 / NVIDIA GeForce RTX 2080 8GB GDDR6 </li>\r\n<li>Lưu trữ: 512GB SSD M.2 NVMe </li>\r\n<li>Hệ điều hành: Windows 10 Home SL 64-bit </li>\r\n<li>Pin: 4 cell 82 Wh Pin liền , khối lượng: 2.1 kg</li>\r\n</ul>\r\n<h4>Thông tin chi tiết</h4>\r\n<ul>\r\n<li>Laptop Gaming Acer Predator Triton 500 PT515-51-79ZP ra mắt trong hoàn cảnh rất nhiều đối thủ cạnh tranh quyết liệt trong phân khúc cao cấp, để xem ai có thể tạo nên laptop RTX chuẩn mực nhất. Với thiết kế bộ tản nhiệt mới được lấy ý tưởng từ những ưu điểm mạnh nhất, là bản nâng cấp thế hệ thứ 4 của quạt AeroBlade thể hiện cho sự gắn kết giữa hiệu năng và sự thoải mái. </li>\r\n<li>Với Series Triton 500 đến từ Acer mới chỉ được ra mắt 2 tiêu chuẩn cấu hình PT515-51-79ZP với card màn hình RTX 2080 và PT515-51-79ZP sử dụng card màn hình RTX 2080. Thiết kế vỏ ngoài bằng nhôm với độ bền cao, sang trọng và khối lượng nhẹ hơn các dòng máy gaming khác. Củng cố tốc độ xử lý bằng CPU đến từ Intel đời mới, bộ nhớ tạm thời (RAM) có dung lượng lớn giúp người dùng thoải mái chạy đa nhiệm, tốc độ bus lên tới 2666MHz và còn có khả năng nâng cấp lên nữa. </li>\r\n<li>Một sản phẩm “để đời” với sự kết hợp giữa yếu tố thiên nhiên và kĩ thuật, công nghệ đã được khẳng định bằng khả năng làm mát hơn vượt trội lên tới 45%, và giảm được tiếng ồn từ quạt 36%. Ở bẩn 2019 này, Acer Predator Triton 500 được trang bị tới 3 quạt Aero Blade mang lại số lượng 59 cánh và được làm bằng kim loại độc quyền của Acer như các bản trước đó. Chỉ qua 1 nút Turbo boost ở phía bên trên bàn phím số hỗ trợ người dùng thay đổi tốc độ quạt để phù hợp với nhu cầu cũng như mục đích. </li>\r\n</ul>\r\n\r\n', 3, 'acer_2'),
(29, 'Laptop Acer Predator Helios PH315-51-759Y (NH.Q3FSV.004) (15.6\"/i7-8750H 2.2 GHz - 4.1 GHz/16GB RAM/256GB SSD + 1TB HDD/NVIDIA GeForce GTX 1060 6GB/Linux/2.6kg)', '', 36990000, 0, 0, '0000-00-00', '0000-00-00', 0, '2019-05-07 15:29:50', '0000-00-00 00:00:00', '<h4>Tên sản phẩm: Máy tính xách tay/ Laptop Acer Predator Helios PH315-51-759Y (NH.Q3FSV.004) (Đen)</h4>\r\n<ul>\r\n<li>CPU: Intel Core i7-8750H ( 2.2 GHz - 4.1 GHz / 9MB / 6 nhân, 12 luồng ) </li>\r\n<li>Màn hình: 15.6\" IPS ( 1920 x 1080 ) , không cảm ứng </li>\r\n<li>RAM: 1 x 16GB DDR4 2666MHz </li>\r\n<li>Đồ họa: Intel UHD Graphics 630 / NVIDIA GeForce GTX 1060 6GB GDDR5</li> \r\n<li>Lưu trữ: 256GB SSD M.2 NVMe / 1TB HDD 5400RPM </li>\r\n<li>Hệ điều hành: Linux </li>\r\n<li>Pin: 4 cell 48 Wh Pin liền , khối lượng: 2.6 kg</li>\r\n</ul>\r\n<h4>Thông tin chi tiết</h4>\r\n<ul>\r\n<li>Dòng Laptop Predator đến từ Acer vang danh với thiết kế tinh tế, sắc xảo đến từng góc, bên cạnh đó là sức mạnh đến từ cấu hình “hủy diệt” thể hiện được bản lĩnh và cái chất riêng của mình. Được mệnh danh là vũ khí tối thượng không phải là quá đáng nếu như người dùng quan tâm đến tổng quan thiết kế và “cốt lõi” cấu trúc của Acer Predator Helios. Có thể người dùng sẽ cần xem thêm bài viết này để cảm nhận được tất cả sự tối ưu đến từ dòng laptop gaming này. Dòng màn hình chuyên chơi game với tốc độ quét màn hình lên đến 144 Hz mang đến những hình ảnh liên tục, gắn kết khác hẳn so với các dòng laptop khác cũng như vượt trội hơn các dòng màn hình thông thường khi tốc độ quét màn hình chỉ có 60 đến 120 mà thôi. </li>\r\n<li>Sử dụng CPU thế hệ thứ 8 của Intel là loại thuộc top “khủng” nhất hiện nay. Ram DDR4 là bản cải tiến cao cấp của DDR3 với tốc độ nhanh hơn, tiêu thụ ít điện năng hơn có thể là giảm bớt chi phí tiền điện cho người dùng (không quá đáng kể nhưng lại rất quan trọng đối với những người dùng sử dụng bộ nguồn riêng với giá thành cao hơn rất nhiều tránh tình trạng lãng phí). Card màn hình NVIDIA GeForce GTX để mang đến cho người dùng chất lượng trải nghiệm game tuyệt với hơn, hình ảnh sắc xảo hơn. Đặc sắc ở sản phẩm gaming này nằm ở khả năng phối hợp tinh tế của 2 thiết bị ổ cứng – tốc độ đạt được bởi SSD và dung lượng cực lớn đến từ HDD. </li>\r\n<li>Hệ thống bàn phím sở hữu đèn Led mang lại sự cuốn hút không ngừng của sản phầm này, bộ 4 phím chuyên chơi game WASD được “thắp sáng” mang đến sự nổi bật giúp người chơi có thể định vị tốt hơn. Ngoài sự nổi bật đến từ hệ thống tản nhiệt sẽ được giới thiệu ở phần sau thì Acer Predator Helios còn hỗ trợ ứng dụng PredatorSense giúp người dùng có thể điều chỉnh tốc độ quạt và theo dõi nhiệt độ của CPU và GPU để máy luôn được ở trạng thái tốt nhất. </li>\r\n</ul>\r\n\r\n', 4, 'acer_2'),
(30, 'Laptop Acer Predator Helios PH315-51-7533 (NH.Q3FSV.002) (15.6\"/i7-8750H 2.2 GHz - 4.1 GHz/8GB RAM/128GB SSD + 1TB HDD/NVIDIA GeForce GTX 1060 6GB/Linux/2.6kg)', '', 31990000, 0, 0, '0000-00-00', '0000-00-00', 0, '2019-04-29 03:55:46', '0000-00-00 00:00:00', '<h4>Tên sản phẩm: Máy tính xách tay/ Laptop Acer Predator Helios 300 PH315-51-7533 (NH.Q3FSV.002) (Đen)</h4>\r\n<ul>\r\n<li>CPU: Intel Core i7-8750H ( 2.2 GHz - 4.1 GHz / 9MB / 6 nhân, 12 luồng ) </li>\r\n<li>Màn hình: 15.6\" IPS ( 1920 x 1080 ) , không cảm ứng </li>\r\n<li>RAM: 1 x 8GB DDR4 2666MHz </li>\r\n<li>Đồ họa: Intel UHD Graphics 630 / NVIDIA GeForce GTX 1060 6GB </li>\r\n<li>Lưu trữ: 128GB SSD M.2 SATA / 1TB HDD 5400RPM </li>\r\n<li>Hệ điều hành: Linux </li>\r\n<li>Pin: 4 cell 48 Wh Pin liền , khối lượng: 2.6 kg</li>\r\n</ul>\r\n<h4>Thông tin chi tiết</h4>\r\n<ul>\r\n<li>Thiết kế vỏ kim loại mang lại cảm giác chắc chắn kết hợp logo Predator vô cùng mạnh mẽ thu hút mọi ánh nhìn. </li>\r\n<li>Hệ thống 2 quạt tản nhiệt bằng thép với 59 cánh quạt áp dụng công nghệ AeroBlade 3D độc quyền của Acer tăng luồng gió thêm 25%, đảm bảo hệ thống luôn mát mẻ khi chơi game trong thời gian dài. </li>\r\n<li>Phần mềm PredatorSense giúp game thủ có thể dễ dàng tùy chỉnh các thiết lập cho hệ thống như điều chỉnh tốc độ quạt, theo dõi nhiệt độ của CPU, GPU. </li>\r\n<li>Màn hình kích thước 15.6 inches, độ phân giải Full HD, tấm nền IPS cho màu sắc trung thực ở mọi góc độ giúp game thủ có những phút giây trải nghiệm game tuyệt vời nhất. </li>\r\n</ul>\r\n\r\n', 5, 'acer_2');
INSERT INTO `products` (`id`, `name`, `img`, `cost`, `quantity`, `size`, `start_discount`, `end_discount`, `discount`, `created_at`, `updated_at`, `description`, `id_type`, `id_product`) VALUES
(31, 'Laptop Acer Swift 3 SF314-55G-59YQ (NX.H3USV.002) (14\"/i5-8265U 1.6 GHz - 3.9 GHz/8GB RAM/512GB SSD/NVIDIA GeForce MX150 2GB/Windows 10 Home SL 64-bit/1.5kg)', '', 29990000, 0, 0, '0000-00-00', '0000-00-00', 0, '2019-05-07 15:29:54', '0000-00-00 00:00:00', '<h4>Tên sản phẩm: Máy tính xách tay/ Laptop Acer Swift 3 SF314-55G-59YQ (NX.H3USV.002) (Bạc)</h4>\r\n<ul>\r\n<li>CPU: Intel Core i5-8265U ( 1.6 GHz - 3.9 GHz / 6MB / 4 nhân, 8 luồng ) </li>\r\n<li>Màn hình: 14\" IPS ( 1920 x 1080 ) , không cảm ứng </li>\r\n<li>RAM: 8GB Onboard DDR4 2666MHz </li>\r\n<li> Đồ họa: Intel UHD Graphics 620 / NVIDIA GeForce MX150 2GB GDDR5 </li>\r\n<li>Lưu trữ: 512GB SSD M.2 NVMe </li>\r\n<li>Hệ điều hành: Windows 10 Home SL 64-bit </li>\r\n<li>Pin: 4 cell 50 Wh Pin liền , khối lượng: 1.5 kg</li>\r\n</ul>\r\n<h4>Thông tin chi tiết</h4>\r\n<ul>\r\n<li>Laptop Acer Swift 3 SF314-55G-59YQ (NX.H3USV.002) I5-8265U được thiết kế và sản xuất bởi hãng Acer - một trong những tập đoàn lớn nhất thế giới chuyên về nghiên cứu, phát triển và sản xuất máy tính để bàn, laptop, máy tính bảng, server, các thiết bị lưu trữ, màn hình hiển thị, smartphone và các thiết bị ngoại vi có trụ sở tại Đài Loan và được thành lập vào năm 1976. Laptop Acer Swift 3 SF314-55G-59YQ (NX.H3USV.002) I5-8265U thuộc dòng laptop Swift 3 của Acer với thiết kế hướng đến các phong cách hiện đại, cá tính với thiết kế mỏng, nhẹ cùng với chất liệu vỏ aluminum chắc chắn, mát nhưng vẫn mạnh mẽ để thực hiện các tác vụ cơ bản, phức tạp hỗ trợ cho việc đi lại thuận tiện, giúp cho người dùng có thể sử dụng laptop mọi lúc mọi nơi. </li>\r\n<li>Laptop Acer Swift 3 SF314-55G-59YQ (NX.H3USV.002) I5-8265U có màn hình hiển thị sử dụng công nghệ tấm màn IPS có kích thước 14\" có độ phân giải 1920 x 1080p (Full HD) mang đến hình ảnh rõ nét cùng với tính năng hỗ trợ cân bằng độ sáng/ tối trong từng khung hình và hạn chế trường hợp ánh sáng bị tràn. </li>\r\n<li>Laptop Acer Swift 3 SF314-55G-59YQ (NX.H3USV.002) I5-8265U được trang bị CPU Core i5-8256U thuộc dòng CPU mỏng, tiết kiệm điện năng phù hợp để sử dụng trong thiết kế các loại laptop nhỏ gọn, được tối ưu hoá cho việc di chuyển. CPU có bộ nhớ đệm 8MB, với xung nhịp cơ bản 1,6 GHz và khi sử dụng turbo boost để tăng xung nhịp 3,9 GHz, và 4 nhân, 8 luồng hỗ trợ cho người dùng có thể bật nhiều ứng dụng cùng lúc mà vẫn đảm bảo các ứng dụng hoạt động ổn định. </li>\r\n</ul>\r\n\r\n', 1, 'acer_3'),
(32, 'Laptop Acer Swift 3 SF315-52G-58TE (NX.GZCSV.001) (15.6\"/i5-8250U 1.6 GHz - 3.4 GHz/8GB RAM/256GB SSD/NVIDIA GeForce MX150 2GB/Windows 10 Home SL 64-bit/1.7kg)', '', 19990000, 0, 0, '0000-00-00', '0000-00-00', 0, '2019-05-07 15:29:58', '0000-00-00 00:00:00', '<h4>Tên sản phẩm: Máy tính xách tay/ Laptop Acer Swift 3 SF315-52G-58TE (NX.GZCSV.001)</h4>\r\n<ul>\r\n<li>CPU: Intel Core i5-8250U ( 1.6 GHz - 3.4 GHz / 6MB / 4 nhân, 8 luồng ) </li>\r\n<li>Màn hình: 15.6\" ( 1920 x 1080 ) , không cảm ứng </li>\r\n<li>RAM: 1 x 8GB DDR4 2400MHz </li>\r\n<li>Đồ họa: Intel UHD Graphics 620 / NVIDIA GeForce MX150 2GB </li>\r\n<li>Lưu trữ: 256GB SSD M.2 SATA </li>\r\n<li>Hệ điều hành: Windows 10 Home SL 64-bit </li>\r\n<li>Pin: 4 cell 48 Wh Pin liền , khối lượng: 1.7 kg</li>\r\n</ul>\r\n<h4>Thông tin chi tiết</h4>\r\n<ul>\r\n<li>Là dòng laptop tiếp bước trong series Swift của Acer vẫn giữ được các thiết kế tinh tế tinh giảm, tối ưu mang đến vẻ đẹp từ kết cấu siêu mỏng, siêu nhẹ. Thời lượng pin lên tới 11 giờ liên tục, kết nối tốc độ cao – cánh tay đắc lực cho những chuyến đi xa, củng cố khả năng tùy biến trong công việc bằng sự dễ dàng di chuyển. </li>\r\n<li>Với thiết kế cao cấp với lớp vỏ nhôm nguyên khối đem lại vẻ sang trọng, thanh thoát cũng như sự nhẹ nhàng . Không cầu kì, không phức tạp Laptop Acer Swift 3 với sự đơn giản tạo nên cái riêng của mình chinh phục người dùng, tiện dụng và bền bỉ là những gì cảm nhận được khi thấy được lớp vỏ chắc chắn của Laptop Acer Swift 3. Kết hợp viền Diamond cut được gia công 1 cách tỉ mỉ và bắt mắt, bên cạnh màn hình IPS tràn viền chống chói bảo vệ thị giác cho người dùng, nhất là đối với những người thường xuyên phải ngồi máy tính như nhân viên văn phòng. </li>\r\n<li>Những lưu ý cho người dùng: Acer Swift 3 SF315-52G-58TE (NX.GZCSV.001) sở hữu kích thước tương đối nhỏ cùng khối lượng nhẹ giúp đảm bảo khả năng vận chuyển tốt hơn, cũng như khả năng kết hợp giữa di chuyển và làm việc.Tuy nhiên Acer Swift 3 SF315-52G-58TE (NX.GZCSV.001) sở hữu 1 ổ cứng SSD nhưng tốc độ là 1 phần quan trọng nhưng dung lượng cũng là yếu tố không thể thiếu người dùng cần bổ sung. </li>\r\n</ul>\r\n\r\n', 2, 'acer_3'),
(33, 'Laptop Acer Swift 5 SF515-51T-71Q1 (NX.H7QSV.002)', '', 33990000, 0, 0, '0000-00-00', '0000-00-00', 0, '2019-05-07 15:30:01', '0000-00-00 00:00:00', '<h4>Tên sản phẩm: Máy tính xách tay/ Laptop Acer Swift 5 SF515-51T-71Q1 (NX.H7QSV.002) (i7-8565U)</h4>\r\n<ul>\r\n<li>CPU: Intel Core i7-8565U ( 1.8 GHz - 4.6 GHz / 8MB / 4 nhân, 8 luồng ) </li>\r\n<li>Màn hình: 15.6\" IPS ( 1920 x 1080 ) , cảm ứng </li>\r\n<li>RAM: 8GB Onboard DDR4 </li>\r\n<li>Đồ họa: Intel UHD Graphics 620 </li>\r\n<li>Lưu trữ: 256GB SSD M.2 NVMe Onboard </li>\r\n<li>Hệ điều hành: Windows 10 Home SL 64-bit </li>\r\n<li>Pin: 3 cell 53 Wh Pin liền , khối lượng: 1 kg</li>\r\n</ul>\r\n<h4>Thông tin chi tiết</h4>\r\n<ul>\r\n<li>Acer là một hãng công nghệ hàng đầu Đài Loan, nhờ chất lượng và giá thành hợp lí, sản phẩm của Acer được các quốc gia châu Á ưa chuộng và tin dùng. Acer Swift 5 SF515-51T-71Q1 là dòng máy cao cấp Acer thiết kế dành cho các doanh nhân cần một chiếc laptop mỏng nhẹ, thiết kế tinh tế và sang trọng nhưng vẫn đủ mạnh mẽ để thực hiện các tác vụ từ cơ bản đến phức tạp. Acer áp dụng ngôn ngữ thiết kế “giản lược làm nên tính sang trọng” trong sản phẩm này. Một máy tính xách tay nhỏ gọn, tinh tế, sang trọng và bắt mắt là những cảm nhận ban đầu khi người dùng nhìn thấy sản phẩm. Sau đây, Phong Vũ sẽ giúp các bạn đánh giá tổng quan về sản phẩm thuộc dòng cao cấp này của Acer! </li>\r\n<li>Màn hình Full HD 14 inch, tỉ lệ 16:9 với độ bao phủ 100% màu sRGB cùng độ sáng 300 nits chắc chắn là một trong những điểm mạnh lớn mà dân sáng tạo mong đợi ở công cụ làm việc như Acer Swift 5 SF515-51T-71Q1. Càng tuyệt vời hơn nữa khi chiếc ultrabook này được trang bị màn hình cảm ứng, bezel siêu mỏng chỉ 5.87mm giúp cho thao tác dễ dàng hơn, người dùng có thể toàn tâm toàn ý hiện thực hóa ý tưởng bằng chính đôi tay của mình. </li>\r\n<li>Các cổng kết nối được trang bị 1 USB-C, 1HDMI và 2 USB 3.0 ở phía bên phải cũng như độc nhất audio jack ở phía bên trái. Số lượng cổng kết nối như vậy vừa đủ dùng đối với người dùng phổ thông, nhưng với người dùng chuyên nghiệp về nhiếp ảnh, cần lấy nội dung trực tiếp từ thẻ SD thì sự thiếu vắng của đầu đọc thẻ nhớ tương đối đáng tiếc. Thêm vào đó với một sản phẩm cao cấp như Swift 5, USB-C không được tích hợp Thunderbolt 3.0 quả là thiếu sót nhỏ nhưng không đáng có. </li>\r\n</ul>\r\n\r\n\r\n', 3, 'acer_3'),
(34, 'Laptop Acer Swift 5 SF515-51T-51UF (NX.H69SV.001)', '', 29990000, 0, 0, '0000-00-00', '0000-00-00', 0, '2019-05-07 15:30:03', '0000-00-00 00:00:00', '<h4>Tên sản phẩm: Máy tính xách tay/ Laptop Acer Swift 5 SF515-51T-51UF (NX.H69SV.001) (i5-8265U)</h4>\r\n<ul>\r\n<li>CPU: Intel Core i5-8265U ( 1.6 GHz - 3.9 GHz / 6MB / 4 nhân, 8 luồng ) </li>\r\n<li>Màn hình: 15.6\" IPS ( 1920 x 1080 ) , cảm ứng </li>\r\n<li>RAM: 8GB Onboard DDR4 </li>\r\n<li>Đồ họa: Intel UHD Graphics 620 </li>\r\n<li>Lưu trữ: 256GB SSD M.2 NVMe Onboard </li>\r\n<li>Hệ điều hành: Windows 10 Home SL 64-bit </li>\r\n<li>Pin: 3 cell 53 Wh Pin liền , khối lượng: 1 kg</li>\r\n</ul>\r\n<h4>Thông tin chi tiết</h4>\r\n<ul>\r\n<li>Được khoác lên tấm áo màu bạc bach kim tuyệt đẹp, Acer Swift 5 càng thể hiện rõ sự cạnh tranh sòng phẳng với Asus Zenbook 14 cũng có màu sắc, kiểu dáng ultrabook và phân khúc giá thành tương đương. Và dựa trên những đặc điểm cơ bản trên, có vẻ như Acer đang thắng thế trong cuộc đua này với tập đoàn công nghệ điện tử đồng hương trong cuộc đua này khi có kích thước, khối lượng phù hợp hơn với danh hiệu ultrabook siêu di động toàn năng. </li>\r\n<li>Màn hình Full HD 14 inch, tỉ lệ 16:9 với độ bao phủ 100% màu sRGB cùng độ sáng 300 nits chắc chắn là một trong những điểm mạnh lớn mà dân sáng tạo mong đợi ở công cụ làm việc như Acer Swift 5 SF515-51T-51UF. Càng tuyệt vời hơn nữa khi chiếc ultrabook này được trang bị màn hình cảm ứng, bezel siêu mỏng chỉ 5.87mm giúp cho thao tác dễ dàng hơn, người dùng có thể toàn tâm toàn ý hiện thực hóa ý tưởng bằng chính đôi tay của mình. </li>\r\n<li>Đối với nhiều người, việc lướt ngón tay trên mẫu bàn phím mỏng và nhẹ của ultrabook sẽ không gặp quá nhiều khó khăn, tuy vậy nhiên để có thể tạo nên cảm giác hết phím thỏa mãn như bàn phím cơ hay chuẩn mực như Butterfly của Macbook thì Acer Swift 5 SF515-51T-51UF vẫn chưa đạt được đến trình độ đó. Nếu để chấm điểm cho bàn phím của Swift 5 năm 2018, trung bình khá là cụm từ hợp lý. </li>\r\n</ul>\r\n\r\n\r\n', 4, 'acer_3'),
(35, 'Laptop Acer Swift 5 SF515-51T-77M4 (NX.H69SV.002)', '', 33990000, 0, 0, '0000-00-00', '0000-00-00', 0, '2019-05-07 15:30:06', '0000-00-00 00:00:00', '<h4>Tên sản phẩm: Máy tính xách tay/ Laptop Acer Swift 5 SF515-51T-77M4 (NX.H69SV.002) (i7-8565U)</h4>\r\n<ul>\r\n<li>CPU: Intel Core i7-8565U ( 1.8 GHz - 4.6 GHz / 8MB / 4 nhân, 8 luồng ) </li>\r\n<li>Màn hình: 15.6\" IPS ( 1920 x 1080 ) , cảm ứng </li>\r\n<li>RAM: 8GB Onboard DDR4 </li>\r\n<li>Đồ họa: Intel UHD Graphics 620 </li>\r\n<li>Lưu trữ: 256GB SSD M.2 NVMe Onboard </li>\r\n<li>Hệ điều hành: Windows 10 Home SL 64-bit </li>\r\n<li>Pin: 3 cell 53 Wh Pin liền , khối lượng: 1 kg</li>\r\n</ul>\r\n<h4>Thông tin chi tiết</h4>\r\n<ul>\r\n<li>Được khoác lên tấm áo màu bạc bach kim tuyệt đẹp, Acer Swift 5 càng thể hiện rõ sự cạnh tranh sòng phẳng với Asus Zenbook 14 cũng có màu sắc, kiểu dáng ultrabook và phân khúc giá thành tương đương. Và dựa trên những đặc điểm cơ bản trên, có vẻ như Acer đang thắng thế trong cuộc đua này với tập đoàn công nghệ điện tử đồng hương trong cuộc đua này khi có kích thước, khối lượng phù hợp hơn với danh hiệu ultrabook siêu di động toàn năng. </li>\r\n<li>Màn hình Full HD 14 inch, tỉ lệ 16:9 với độ bao phủ 100% màu sRGB cùng độ sáng 300 nits chắc chắn là một trong những điểm mạnh lớn mà dân sáng tạo mong đợi ở công cụ làm việc như Acer Swift 5 SF515-51T-77M4. Càng tuyệt vời hơn nữa khi chiếc ultrabook này được trang bị màn hình cảm ứng, bezel siêu mỏng chỉ 5.87mm giúp cho thao tác dễ dàng hơn, người dùng có thể toàn tâm toàn ý hiện thực hóa ý tưởng bằng chính đôi tay của mình. </li>\r\n<li>Các cổng kết nối được trang bị 1 USB-C, 1HDMI và 2 USB 3.0 ở phía bên phải cũng như độc nhất audio jack ở phía bên trái. Số lượng cổng kết nối như vậy vừa đủ dùng đối với người dùng phổ thông, nhưng với người dùng chuyên nghiệp về nhiếp ảnh, cần lấy nội dung trực tiếp từ thẻ SD thì sự thiếu vắng của đầu đọc thẻ nhớ tương đối đáng tiếc. Thêm vào đó với một sản phẩm cao cấp như Swift 5, USB-C không được tích hợp Thunderbolt 3.0 quả là thiếu sót nhỏ nhưng không đáng có. </li>\r\n</ul>\r\n', 5, 'acer_3'),
(36, 'Laptop ASUS Vivobook A411UA-BV834T (14\"/i3-7020U 2.3 GHz/4GB RAM/1TB HDD/Intel HD Graphics 620/Windows 10 Home SL 64-bit/1.4k', '', 8746000, 0, 0, '0000-00-00', '0000-00-00', 0, '2019-05-12 13:38:01', '0000-00-00 00:00:00', '<h4> Tên sản phẩm: Máy tính xách tay/ Laptop Asus A411UA-BV834T (I3-7020U) (Vàng)</h4>\r\n<ul>\r\n	<li>- CPU: Intel Core i3-7020U ( 2.3 GHz / 3MB / 2 nhân, 4 luồng ) </li>\r\n<li>- Màn hình: 14\" ( 1366 x 768 ) , không cảm ứng </li>\r\n<li>- RAM: 1 x 4GB Onboard DDR4 2133MHz </li>\r\n<li>- Đồ họa: Intel HD Graphics 620 </li>\r\n<li>- Lưu trữ: 1TB HDD 5400RPM </li>\r\n<li>- Hệ điều hành: Windows 10 Home SL 64-bit</li>\r\n<li>- Pin: 3 cell 42 Wh Pin liền , khối lượng: 1.4 kg</li>\r\n</ul>\r\n<h4>Thông tin chi tiết</h4>\r\n<ul>\r\n<li>Vivobook là dòng latop thời trang mỏng nhẹ của Asus, với rất nhiều mẫu mã và tính năng phục vụ giải trí, multimedia. Đối tượng mà Vivobook nhắm đến là những ai yêu thích mẫu mã thời trang của dòng này, đồng thời cần có một chiếc laptop khối lượng nhẹ phục vụ di chuyển được thoải mái.</li>\r\n<li>Asus A411UA-BV834T (I3-7020U) là laptop giá rẻ trong gia đình Vivobook, cấu hình nổi bật chính vẫn là Intel Core i3-7020U 2 nhân 4 luồng với mức xung nhịp gốc 2.2Ghz. CPU này giúp người dùng có thể chạy mượt mà chương trình cần thiết cùng một số tác vụ nền. Nếu người dùng có nhu cầu xem phim hay chơi game, đồng thời một vài chương trình hỗ trợ chạy song song thì CPU này sẽ đáp ứng vừa đủ (do dòng U là dòng CPU tiết kiệm điện, xung nhịp không được cao như những dòng CPU thông thường). .</li>\r\n<li>Asus A411UA-BV834T (I3-7020U) có các thông số là nhân tố tiết kiệm chi phí cho máy như chỉ có sẵn ổ cứng HDD1TB 5400RPM (có thể nâng cấp thêm SSD M.2 Sata), RAM 4GB DDR4 2133Mhz (hàn cố định ở main) màn hình kích thước 14\" có độ phân giải 1366 x 768 vừa đủ độ sắc nét. Tuy nhiên với độ phân giải này chỉ có thể xuất hình ra các loại màn hình nhỏ khoảng 18.5\", các loại màn hình lớn 24\" sẽ không cho độ sắc nét hoàn hảo. Đồ hoạ tích hợp trong CPU Intel HD 620 là đủ sức mạnh để phục vụ độ phân giải này. .</li>\r\n</ul>\r\n', 1, 'asus_1'),
(37, 'Laptop Asus VivoBook 14 A411UA-EB872T(14\"/Intel Core i3-7020U 2.3 GHz/4GB/1TB HDD/Intel HD Graphics 620/Windows 10 Home SL 64-bit/1.4kg)', '', 12290000, 0, 0, '0000-00-00', '0000-00-00', 0, '2019-05-12 13:38:04', '0000-00-00 00:00:00', '<h4> Tên sản phẩm: Máy tính xách tay/ Laptop Asus A411UA-EB872T (I3-7020U)</h4>\r\n<ul>\r\n- CPU: Intel Core i3-8130U ( 2.2 GHz - 3.4 GHz / 4MB / 2 nhân, 4 luồng ) \r\n<li>- Màn hình: 14\" ( 1920 x 1080 ) , không cảm ứng</li>\r\n<li>- RAM: 1 x 4GB Onboard DDR4 </li>\r\n<li>- Đồ họa: Intel UHD Graphics 620 </li>\r\n<li>- Lưu trữ: 256GB SSD M.2 SATA </li>\r\n<li>- Hệ điều hành: Windows 10 Home SL 64-bit </li>\r\n<li>- Pin: 3 cell 42 Wh Pin liền , khối lượng: 1.4 kg</li>\r\n</ul>\r\n<h4>Thông tin chi tiết</h4>\r\n<ul>\r\n<li>Asus A411UA-EB872T dù là một chiếc máy được định hình ở phân khúc phổ thông tuy nhiên lại có những đường nét thiết kế rất giống những sản phẩm tầm trung hay cao cấp của Asus. Không quá siêu mỏng nhẹ như những gì mà S14 hay UX433 có tuy nhiên lại có trọng lượng rất nhẹ chỉ vào khoảng 1,4Kg vẫn đem lại tính di động rất cao. </li>\r\n<li>Toàn bộ máy được làm từ nhựa, điều này rất dễ hiểu khi phân khúc của máy chỉ là phổ thông nên chúng ta không thể đòi hỏi quá cao vật liệu cấu thành hay chất lượng build của máy. Xét công bằng ra thì chất lượng build của sản phẩm này cũng không đến nỗi tệ như những mẫu Dell hay HP cùng tầm giá mà ngược lại dù là nhựa nhưng cũng khá đẹp và rất thu hút ánh nhìn. Máy có 3 màu sắc là vàng, xám và màu đỏ rất độc đáo. Thường thì chúng ta thấy rất ít laptop có phối màu đỏ như chiếc A411 này. </li>\r\n<li>Trong tầm giá này thì cũng rất khó để hãng có thể đem lại một chất lượng build tốt bởi điều đó sẽ khiến tới phải cắt giảm khá nhiều chi tiết khác ảnh hưởng tới khả năng trải nghiệm. Do đó với việc hi sinh thiết kế để có những tính năng mới và 1 màn hình hiển thị ổn thì không quá bất lợi trong mức giá này. </li>\r\n</ul>\r\n', 2, 'asus_1'),
(38, 'Laptop ASUS VivoBook A411UF-BV087T (14\"/i5-8250U 1.6 GHz - 3.4 GHz/4GB RAM/1TB HDD/NVIDIA GeForce MX130 2GB/Windows 10 Home SL 64-bit/1.4kg)', '', 12000000, 0, 0, '0000-00-00', '0000-00-00', 0, '2019-05-12 13:38:06', '0000-00-00 00:00:00', '<h4>Tên sản phẩm: Máy tính xách tay/ Laptop Asus A411UF-BV087T (I5-8250U) (Vàng đồng)</h4>\r\n<ul>\r\n<li>- CPU: Intel Core i5-8250U ( 1.6 GHz - 3.4 GHz / 6MB / 4 nhân, 8 luồng ) </li>\r\n<li>- Màn hình: 14\" ( 1366 x 768 ) , không cảm ứng </li>\r\n<li>- RAM: 1 x 4GB Onboard DDR4 2133MHz </li>\r\n<li>- Đồ họa: Intel UHD Graphics 620 / NVIDIA GeForce MX130 2GB</li> \r\n<li>- Lưu trữ: 1TB HDD 5400RPM </li>\r\n<li>- Hệ điều hành: Windows 10 Home SL 64-bi</li>t \r\n<li>- Pin: 3 cell 42 Wh Pin liền , khối lượng: 1.4 kg</li>\r\n</ul>\r\n<h4>Thông tin chi tiết</h4>\r\n<ul>\r\n<li>Laptop Asus A411UF-BV087T sử dụng chip Intel Core i5-8250U có xung nhịp tối đa lên đến 4GHz, card đồ họaNVIDIA GeForce 130MX có dung lượng lên đến 2GB sẽ mang đến hiệu năng mạnh mẽ, giúp bạn xử lý nhanh những yêu cầu truyền tải, truy cập dữ liệu của bạn khi làm việc và giải trí. Ngoài ra bạn sẽ không còn phải lo lắng khi chiến những tựa game yêu cầu cao về cấu hình hiện nay.</li>\r\n<li>Laptop Asus A411UF-BV087T được trang bị với bộ nhớ RAM chuẩn DDR4 có dung lượng 4GB, ổ cứng lên đến 1TB có tốc độ vòng quay 5400rpm, giúp bạn lưu trữ được nhiều dữ liệu, đáp ứng cho nhu cầu của công việc và giải trí. Ngoài ra bộ nhớ dễ dàng nâng cấp sẽ giúp bạn thuận tiện với việc tạo được lưu lượng bộ cho thiết bị của mình. </li>\r\n<li>Máy hỗ trợ Wifi và kết nối không dây Bluetooth 4.1 và nhiều cổng kết nối như USB 2.0, USB 3.0, HDMI... cùng tính năng mở rộng như USB 3.1 Type C thuận tiện cho việc kết nối các thiết bị điện tử. </li>\r\n<li>Laptop được thiết kế với màn hình 14 inch cùng với độ phân giải HD, mang đến cho bạn không gian rộng lớn cùng những hình ảnh hiển thị sắc nét sẽ mang đến những trải nghiệm thú vị cho người dùng khi làm việc, giải trí. </li>\r\n</ul>\r\n', 3, 'asus_1'),
(39, 'Laptop ASUS VivoBook A510UA-BR333T (15.6\"/i3-8130U 2.2 GHz - 3.4 GHz/4GB RAM/1TB HDD/Intel UHD Graphics 620/Windows 10 Home SL 64-bit/1.7kg)', '', 15000000, 0, 0, '0000-00-00', '0000-00-00', 0, '2019-05-12 13:38:10', '0000-00-00 00:00:00', '<h4>Tên sản phẩm: Máy tính xách tay/ Laptop Asus A510UA-BR333T (I3-8130U)</h4>\r\n<ul>\r\n<li>- CPU: Intel Core i3-8130U ( 2.2 GHz - 3.4 GHz / 4MB / 2 nhân, 4 luồng ) </li>\r\n<li>- Màn hình: 15.6\" ( 1366 x 768 ) , không cảm ứng </li>\r\n<li>- RAM: 1 x 4GB DDR4 2400MHz </li>\r\n<li>- Đồ họa: Intel UHD Graphics 620 </li>\r\n<li>- Lưu trữ: 1TB HDD 5400RPM </li>\r\n<li>- Hệ điều hành: Windows 10 Home SL 64-bit </li>\r\n<li>- Pin: 3 cell 42 Wh Pin liền , khối lượng: 1.7 kg</li>\r\n</ul>\r\n<h4>Thông tin chi tiết</h4>\r\n<ul>\r\n<li>Asus không còn là cái tên xa lạ gì đối với người dùng và đam mê công nghệ. Thương hiệu đến từ Đài Loan này nổi tiếng với rất nhiều mặt hàng điện tử cao cấp có thể kể đến như VGA, Mainboard, Gaming Gear... nhưng laptop luôn luôn là địa hạt gây ấn tượng mạnh nhất tại thị trường Việt Nam.</li>\r\n<li>Không chỉ tạo nên những cỗ máy mang thương hiệu ROG cao cấp hấp dẫn hút hồn, phân khúc phổ thông cũng được Asus chăm chút với dòng Laptop Vivobook. Vivobook A510UA-BR333T là đại diện của phân khúc người tiêu dùng mới mà chúng ta sẽ tìm hiểu trong bài viết lần này. </li>\r\n<li>Về khía cạnh thiết kế, Asus Vivobook A510UA-BR333T thừa hưởng nhiều đường nét thiết kế từ Vivobook S15 mà chỉ có thể nhận biết được khi trực tiếp trải nghiệm. Phần nắp máy nơi logo Asus an vị được làm từ nhựa tổng hợp với bề mặt được tạo vân sóng đồng tâm tựa như kim loại, là một yếu tố tương đối tốt trong việc ngăn chặn để lại vân tay trên bề mặt máy. </li>\r\n</ul>\r\n', 4, 'asus_1'),
(40, 'Laptop Asus VivoBook 15 A510UA-EJ1263T(15.6\"/Intel Core i3-7020U 2.3 GHz/4GB/1TB HDD/Intel HD Graphics 620/Windows 10 Home SL 64-bit/1.7kg)', '', 16000000, 0, 0, '0000-00-00', '0000-00-00', 0, '2019-05-12 13:38:14', '0000-00-00 00:00:00', '<h4>Tên sản phẩm: Máy tính xách tay/ Laptop Asus A510UA-EJ1263T (i3-7020U)</h4>\r\n<ul>\r\n<li>- CPU: Intel Core i3-7020U ( 2.3 GHz / 3MB / 2 nhân, 4 luồng )</li>\r\n<li>- Màn hình: 15.6\" ( 1920 x 1080 ) , không cảm ứng </li>\r\n<li>- RAM: 1 x 4GB DDR4 2400MHz </li>\r\n<li>- Đồ họa: Intel HD Graphics 620 </li>\r\n<li>- Lưu trữ: 1TB HDD 5400RPM </li>\r\n<li>- Hệ điều hành: Windows 10 Home SL 64-bit</li> \r\n<li>- Pin: 3 cell 42 Wh Pin liền , khối lượng: 1.7 kg</li>\r\n</ul>\r\n<h4>Thông tin chi tiết</h4>\r\n<ul>\r\n<li>ASUS là một tập đoàn đa quốc gia được thành lập tại Đài Loan chuyên sản xuất các mặt hàng điện tử như laptop, điện thoại, tablet,… Tuy có tuổi đời không lâu bằng các thương hiệu nổi tiếng như Dell, Apple, HP,… nhưng ASUS đã nhanh chóng khẳng định vị thế của mình ngang hàng với các tên tuổi lớn nhờ vào thiết kế hiện đại, hiệu năng xuất sắc và đặc biệt là sự vượt trội trong hạng mục bảo hành và giá thành tiết kiệm rất nhiều so với các thương hiệu cạnh tranh.</li>\r\n<li>Bạn có thể nhìn vào chiếc Laptop ASUS A510UA-EJ1263T dưới đây sẽ hiểu được tại sao thương hiệu ASUS lại được nhiều người ưa chuộng đến vậy. Đến từ dòng laptop A của ASUS - dòng sản phẩm nổi bật trong phân khúc giá rẻ hướng tới người dùng phổ thông nhưng những gì mà chiếc laptop này đem lại lại không thua kém gì những chiếc laptop đắt tiền. Laptop ASUS A510UA-EJ1263T sở hữu nhiều thông số được người dùng đánh giá cao như màn hìnhrộng 15.6” HD sắc nét, chip Intel Core i3-7020U hiệu quả và tiết kiệm điện năng, ổ cứng HDD với dung lượng lớn 1TB và một mức giá không thể nào thấp hơn. Đi kèm với mức giá hấp dẫn là chế độ bảo hành tận tình có tiếng lên tới 2 năm của ASUS - gấp đôi so với đa số các thương hiệu laptop khác.</li>\r\n</ul>\r\n', 5, 'asus_1'),
(41, '6.	Laptop ASUS VivoBook A510UA-EJ1494T(15.6\"/Intel Core i3-8130U 2.2 GHz - 3.4 GHz/4GB/256GB SSD/Intel UHD Graphics 620/Windows 10 Home SL 64-bit/1.7kg)', '', 15000000, 0, 0, '0000-00-00', '0000-00-00', 0.1, '2019-05-12 13:38:20', '0000-00-00 00:00:00', '<h4>Tên sản phẩm: Máy tính xách tay/ Laptop Asus A510UA-EJ1494T (i3-8130U)</h4>\r\n<ul>\r\n<li>- CPU: Intel Core i3-8130U ( 2.2 GHz - 3.4 GHz / 4MB / 2 nhân, 4 luồng ) \r\n<li>- Màn hình: 15.6\" ( 1920 x 1080 ) , không cảm ứng </li>\r\n<li>- RAM: 1 x 4GB DDR4 2400MHz </li>\r\n<li>- Đồ họa: Intel UHD Graphics 620 </li>\r\n<li>- Lưu trữ: 256GB SSD M.2 SATA </li>\r\n<li>- Hệ điều hành: Windows 10 Home SL 64-bit</li> \r\n<li>- Pin: 3 cell 42 Wh Pin liền , khối lượng: 1.7 kg</li>\r\n</ul>\r\n<h4>Thông tin chi tiết</h4>\r\n<ul>\r\n<li>Asus đã chứng minh rằng sự đổi mới và cải tiến không chỉ giới hạn ở những chiếc laptop cao cấp đắt tiền, mà còn ở những laptop tầm trung nữa. Trong phân khúc này, dòng sản phẩm mới và mạnh nhất của Asus đương nhiên không thể khác chính là ASUS Vivobook 15. Trong đó, các sản phẩm VivoBook S15 đóng vai trò là đầu tàu với những ưu điểm độc nhất của mình, và với mức giá rất phải chăng.</li>\r\n<li>Nếu nhìn qua vẻ bề ngoài người nhìn có thể sẽ nghĩ rằng Asus VivoBook A510UA-EJ1494T mang thiết kế kim loại nguyên khối. Nhưng không phải như vậy, thực tế thì bộ phận kim loại duy nhất của chiếc laptop này chính là phần nắp máy, còn lại là phần khung, mặt dưới, viền màn hình và chiếu nghỉ tay đều được làm từ nhựa. Phần nắp máy được thiết kế theo tông màu vàng kim, được trang trí bởi những vân tròn đồng tâm lấp lánh ánh kim, tạo cảm giác rất sang trọng và lịch lãm khi mang, không ai nghĩ nó lại là 1 sản phẩm thuộc phân khúc bình dân cả. </li>\r\n<li>Tuy mỏng nhẹ là vậy nhưng Asus VivoBook A510UA-EJ1494T vẫn được trang bị đầy đủ các cổng kết nối truyền thống như HDMI, USB 2.0, USB 3.0. Máy còn được trang bị cổng USB kiểu C, với tốc độ USB 3.1 truyền tải dữ liệu lên đến 5 Gb	it /s. </li>\r\n</ul>\r\n', 6, 'asus_1'),
(42, '1.	Laptop ASUS ROG Strix GL503VD-GZ119T (15.6\"/i7-7700HQ 2.8 GHz - 3.8 GHz/8GB RAM/1TB HDD/NVIDIA GeForce GTX 1050 4GB/Windows 10 Home SL 64-bit/2.3kg)', '', 22000000, 0, 0, '0000-00-00', '0000-00-00', 0, '2019-05-12 13:38:26', '0000-00-00 00:00:00', '<h4>Tên sản phẩm: Máy tính xách tay/ Laptop Asus GL503VD-GZ119T (I7-7700HQ) (Đen)</h4>\r\n<ul>\r\n<li>- CPU: Intel Core i7-7700HQ ( 2.8 GHz - 3.8 GHz / 6MB / 4 nhân, 8 luồng )</li>\r\n<li>- Màn hình: 15.6\" ( 1920 x 1080 ) , không cảm ứng</li>\r\n<li>- RAM: 1 x 8GB DDR4 2400MHz </li>\r\n<li>- Đồ họa: Intel HD Graphics 630 / NVIDIA GeForce GTX 1050 4GB</li> \r\n<li>- Lưu trữ: 1TB SSHD 5400RPM</li> \r\n<li>- Hệ điều hành: Windows 10 Home SL 64-bit</li> \r\n<li>- Pin: 4 cell 64 Wh Pin liền , khối lượng: 2.3 kg</li>\r\n</ul>\r\n<h4>Thông tin chi tiết</h4>\r\n<ul>\r\n<li>Asus GL503VD-GZ119T là máy tính xách tay Windows 10 nhỏ gọn và mạnh mẽ bao gồm bộ xử lý Intel® Core ™ thế hệ thứ 7 và đồ hoạ NVIDIA® GeForce® GTX 1050 được ép xung. Pin dung lượng cao đảm bảo bạn luôn năng suất và giải trí trong suốt cả ngày, trong khi hệ thống làm mát thông minh cho phép chơi trò chơi đồ họa mãnh liệt mà không cần điều chỉnh.</li>\r\n<li>Và với thiết kế nhẹ của nó, thật dễ dàng để mang tất cả sức mạnh và hiệu năng mà bạn cần để chơi hoặc làm việc ,lập trình , bất cứ nơi nào bạn đi! </li> \r\n<li>Asus GL503VD-GZ119T được trang bị bộ xử lý Intel Core thế hệ thứ 7 và đồ hoạ NVIDIA GeForce GTX 1050 đã được ép xung với sự hỗ trợ đầy đủ của Microsoft® DirectX® 12, tất cả được thiết kế trong một thân máy rất phong cách vì nó nhẹ. Hiệu suất này phù hợp với pin dung lượng cao để đảm bảo thời gian chơi game lâu dài. Cho dù bạn cần đa nhiệm cho công việc hay trường học, hãy quay trở lại với phim ảnh hoặc âm nhạc, hoặc trò chơi khi đang di chuyển. </li>\r\n</ul>\r\n', 1, 'asus_2'),
(43, '2.	Laptop ASUS ROG Strix Scar II GL504GM-ES044T (15.6\"/i7-8750H 2.2 GHz - 4.1 GHz/16GB RAM/128GB SSD + 1TB HDD/NVIDIA GeForce GTX 1060 6GB/Windows 10 Home SL 64-bit/2.4kg) ', '', 25000000, 0, 0, '0000-00-00', '0000-00-00', 0.1, '2019-05-12 13:38:30', '0000-00-00 00:00:00', '<h4>Tên sản phẩm: Máy tính xách tay/ Laptop Asus GL504GM-ES044T (i7-8750H) (Đen)</h4>\r\n<ul>\r\n<li>- CPU: Intel Core i7-8750H ( 2.2 GHz - 4.1 GHz / 9MB / 6 nhân, 12 luồng ) </li>\r\n<li>- Màn hình: 15.6\" IPS ( 1920 x 1080 ) , không cảm ứng </li>\r\n<li>- RAM: 1 x 16GB DDR4 2666MHz </li>\r\n<li>- Đồ họa: Intel UHD Graphics 630 / NVIDIA GeForce GTX 1060 6GB GDDR5 </li>\r\n<li>- Lưu trữ: 128GB SSD M.2 NVMe / 1TB SSHD 5400RPM </li>\r\n<li>- Hệ điều hành: Windows 10 Home SL 64-bit </li>\r\n<li>- Pin: 4 cell 66 Wh Pin liền , khối lượng: 2.4 kg</li>\r\n</ul>\r\n<h4>Thông tin chi tiết</h4>\r\n<ul>\r\n<li>Hồi tháng 6, ASUS đã công bố phiên bản tiếp theo của dòng laptop chơi game Hero & Scar có tên là ROG Strix Hero II.  Chiếc laptop này có một thông số kỹ thuật cực kỳ mạnh mẽ:  CPU Core i7 thế hệ thứ 8 và GPU GTX 1060. Kèm theo là màn hình 144Hz nhưng có một cái giá không dễ chịu chút nào (khoảng 45 triệu đồng). Liệu đây có là một chiếc laptop bạn nên mua? </li>\r\n<li>Phần phía dưới được làm trơn nhẵn hơn với biểu tượng Republic of Gamers màu trắng nhô ra gần bản lề. Các lỗ thông khí ở mặt sau có logo ROG Strix và màu đỏ sặc sỡ. Viền thân máy gần phần TouchPad cũng được trang bị một thanh RGB và bạn có thể tự điều chỉnh màu sắc của nó. </li>\r\n\r\n<li>Vỏ nhựa bên trong có thiết kế 2 phần tương tự nắp máy, sử dụng chủ yếu màu xám và đen. Bàn phím tích hợp RGB cho cảm giác khá tinh tế, thanh lịch mà không quá màu mè. Phím QWER được làm khác màu các phím còn lại giúp người chơi các tựa game MOBA không bị nhầm lẫn. Ngoài ra, Touchpad có hai phím bấm rời. Phía trên bàn phím nằm một dải thông khí cho quạt tản nhiệt. </li>\r\n</ul>\r\n', 2, 'asus_2'),
(44, '3.	Laptop ASUS ROG Strix Scar II GL704GW-EV048T(17.3\"/Intel Core i7-8750H 2.2 GHz - 4.1 GHz/16GB/512GB SSD+1TB HDD/NVIDIA GeForce RTX 2070/Windows 10 Home SL 64-bit/2.9kg)', '', 26000000, 0, 0, '0000-00-00', '0000-00-00', 0, '2019-05-12 13:38:34', '0000-00-00 00:00:00', '<h4>Tên sản phẩm: Máy tính xách tay/ Laptop Asus GL704GW-EV048T (i7-8750H) (Đen)</h4> <ul> <li>- CPU: Intel Core i7-8750H ( 2.2 GHz - 4.1 GHz / 9MB / 6 nhân, 12 luồng ) </li> <li>- Màn hình: 17.3\" ( 1920 x 1080 ) , không cảm ứng </li> <li>- RAM: 1 x 16GB DDR4 2666MHz </li> <li>- Đồ họa: Intel UHD Graphics 630 / NVIDIA GeForce RTX 2070 8GB GDDR6 </li> <li>- Lưu trữ: 512GB SSD M.2 NVMe / 1TB SSHD 5400RPM </li> <li>- Hệ điều hành: Windows 10 Home SL 64-bit </li> <li>- Pin: 4 cell 66 Wh Pin liền , khối lượng: 2.9 kg</li> </ul> <h4>Thông tin chi tiết</h4> <ul> <li>Không chỉ tập trung vào những mẫu laptop thuộc phân khúc cao cấp phục vụ cho gaming, Asus cũng tập trung vào phân khúc người dùng phổ thông, đem đến các lựa chọn máy tính xách tay có cấu hình ổn định với giá thành phải chăng và là lựa chọn thích hợp bên cạnh những tên tuổi vốn đã rất nổi tiếng với giới văn phòng như DELL, HP, Lenovo. Gần đây nhất, thương hiệu công nghệ đến từ Đài Loan cho ra dòng sản phẩm ASUS Pro chuyên biệt cho nhóm khách hàng doanh nghiệp, với Laptop Asus Pro P1440UA-FQ0083T là đại diện. Chiếc laptop nhẹ cân những bền vững này được cung cấp đầy đủ số lượng và các loại cổng kết nối. Thiết kế thân thiện với môi trường làm việc, bao gồm bản lề có khả năng xoay 180 độ và ô mở rộng chuyên biệt, giúp cho quá trình nâng cấp cấu hình trở nên vô cùng dễ dàng. Với hiệu năng ấn tượng, lựa chọn lưu trữ đôi và bảo mật đạt cấp độ doanh nghiệp, Asus Pro P1440UA-FQ0083T đem lại nhiều giá trị, cả về mặt kinh tế lẫn công việc.</li> <li>Dòng máy Asus Pro P1440 cung cấp rất nhiều lựa chọn về cấu hình phần cứng dành cho nhiều nhóm người tiêu dùng với những nhu cầu khác nhau. Lựa chọn cao cấp nhất mà nhà sản xuất cung cấp là CPU I7 thế hệ thứ 8 Coffee Lake, RAM DDR4 với tốc độ xử lý nhanh gấp đôi so với DDR3. Và thêm vào đó, lựa chọn lưu trữ đôi cũng luôn sẵn sàng, kết hợp khả năng khởi động laptop và ứng dụng siêu nhanh có được từ SSD cùng với ổ lưu trữ dung lượng lớn HDD cho mọi tài lưu và videos nặng kí. Với phiên bản Laptop Asus Pro P1440UA-FQ0083T, I5-8250U là vi xử lý được trang bị, cung cấp cho chiếc máy tính xách tay này khả năng xử lý hoàn thiện với mọi công việc cơ bản trong khi cân bằng hoàn hảo với giá thành phải chăng, kết hợp với RAM DDR4 4GB đem đến hiệu năng xử lý đa nhiệm tiêu chuẩn.</li> </ul>', 3, 'asus_2'),
(46, '4.	Laptop Asus ROG Zephyrus S GX531GM-ES004T (15.6\"/i7-8750H 2.2 GHz - 4.1 GHz/16GB RAM/512GB SSD/NVIDIA GeForce GTX 1060 6GB/Windows 10 Home SL 64-bit/2.1kg)', '', 25000000, 0, 0, '0000-00-00', '0000-00-00', 0, '2019-05-12 13:38:37', '0000-00-00 00:00:00', '<h4><Tên sản phẩm: Máy tính xách tay/ Laptop Asus ROG Zephyrus GX531GM-ES004T (i7-8750H)/h4>\r\n<ul>\r\n<li>- CPU: Intel Core i7-8750H ( 2.2 GHz - 4.1 GHz / 9MB / 6 nhân, 12 luồng ) </li>\r\n<li>- Màn hình: 15.6\" ( 1920 x 1080 ) , không cảm ứng </li>\r\n\r\n<li>- RAM: 16GB (8GB + 8GB Onboard) DDR4 2666MHz</li>\r\n<li>- Đồ họa: Intel UHD Graphics 630 / NVIDIA GeForce GTX 1060 6GB GDDR5 </li>\r\n<li>- Lưu trữ: 512GB SSD M.2 NVMe </li>\r\n<li>- Hệ điều hành: Windows 10 Home SL 64-bit </li>\r\n<li>- Pin: 4 cell 50 Wh Pin liền , khối lượng: 2.1 kg</li>\r\n</ul>\r\n<h4>Thông tin chi tiết</h4>\r\n<ul>\r\n<li>Không quá khi nói rằng Asus ROG - Republic of Gamers là một trong những thương hiệu hàng đầu thế giới dành cho game thủ, cung cấp những sản phẩm hàng đầu để phục vụ cho những yêu cầu ngày càng gia tăng, không chỉ về sức mạnh điện toán mà còn tính thẩm mỹ với thiết kế RGB bắt mắt và đầy cá tính. Asus ROG Zephyrus S GX531GM-ES004T là dòng máy laptop hội tụ đầy đủ những điểm mạnh nhất của thương hiệu ROG với cấu hình cao cấp: i7-8750H, GTX 1060 6GB, 512 GB SSD M.2 NVMe, 16 GB RAM. Tất cả được tích hợp hoàn hảo trong khung máy thanh thoát cùng ngôn ngữ màu sắc đậm chất Republic of Gamers.</li>\r\n<li>Laptop Asus ROG Zephyrus phiên bản gốc  ấn tượng mạnh mẽ với những ai lần đầu tiên bắt gặp bởi độ mỏng đáng kinh ngạc mà không hề phải cắt giảm bất cứ linh kiện hay chi tiết nào trên cỗ máy. Đến với ROG Zephyrus S GX531GM-ES004T, kế thừa mọi điều tốt đẹp nhất từ sản phẩm tiền nhiệm: viền bezel mỏng, thân máy mảnh mai nhưng không kém phần chắc chắn, cấu hình \"khủng\" đem tới hiệu năng gaming tối ưu cùng rất nhiều những nâng cấp giải quyết mọi vấn đề mà phiên bản gốc sở hữu. Bằng cách giảm thiểu kích cỡ của viền màn hình, Zephyrus S GX531GM-ES004T trở thành một trong những laptop hiếm hoi sở hữu màn hình kích thước 15 inch trong khung máy chỉ 14 inch, bên cạnh Dell XPS 15 và Gigabyte Aero 15 X.</li>\r\n</ul>\r\n', 4, 'asus_2'),
(47, '5.	Laptop ASUS ROG Zephyrus S GX531GW-ES006T(15.6\"/Intel Core i7-8750H 2.2 GHz - 4.1 GHz/16GB/512GB SSD/NVIDIA GeForce RTX 2070/Windows 10 Home SL 64-bit/2.1kg)', '', 30000000, 0, 0, '0000-00-00', '0000-00-00', 0, '2019-05-12 13:38:39', '0000-00-00 00:00:00', '<h4>Tên sản phẩm: Máy tính xách tay/ Laptop Asus GX531GW-ES006T (i7-8750H) (Đen)</h4>\r\n<ul>\r\n<li>- CPU: Intel Core i7-8750H ( 2.2 GHz - 4.1 GHz / 9MB / 6 nhân, 12 luồng ) </li>\r\n<li>- Màn hình: 15.6\" ( 1920 x 1080 ) , không cảm ứng </li>\r\n<li>- RAM: 16GB (8GB + 8GB Onboard) DDR4 2666MHz </li>\r\n<li>- Đồ họa: Intel UHD Graphics 630 / NVIDIA GeForce RTX 2070 8GB GDDR6</li> \r\n<li>- Lưu trữ: 512GB SSD M.2 NVMe </li>\r\n<li>- Hệ điều hành: Windows 10 Home SL 64-bit</li> \r\n<li>- Pin: 4 cell 60 Wh Pin liền , khối lượng: 2.1 kg</li>\r\n</ul>\r\n<h4>Thông tin chi tiết</h4>\r\n<ul>\r\n<li>Với bản lề gồm 2 chốt nối dạng cabin phòng bếp gắn với thanh kim loại chữ nhật phẳng, Zephyrus S là hình bóng kết hợp giữa Alienware 15 và HP Spectre 13. Ngoại thất góc cạnh và được phủ một màu đen tuyền kết hợp với những đường cắt ánh nâu đồng đem lại âm hưởng tương lai trong thiết kế của Asus Zephyrus S GX531GM-ES004T, một vẻ đẹp hiện đại và tối giản giống như đối thủ MSI GS65 Stealth Thin trong cùng phân khúc laptop gaming cao cấp. Tuy nhiên khác với Stealth Thin, Zephyrus S được trang bị khả năng \"cất cánh\" ấn tượng. Mở nắp màn hình của chiếc laptop ROG này, cơ chế cơ học được cài đặt khiến cho phần gầm máy nâng lên 5mm, cung cấp airflow tản nhiệt tốt hơn tới 22% so với thông thường. </li>\r\n<li>Như đã nhắc đến, nói đến Asus ROG là nói đến khả năng tích hợp hệ thống đèn RGB tuyệt đẹp của hãng. AsusZephyrus S GX531GM-ES004T không phải là ngoại lệ khi toàn bộ bàn phím được trang bị hệ thống backlit RGB ấn tượng với tuổi thọ lên tới 20 triệu lần nhấn, có khả năng phát sáng riêng biệt, có thể được điều chỉnh thông qua phần mềm ROG Amoury Crate. Không giống như những laptop phổ thông, Zephyrus S hi sinh diện tích kê tay để gia tăng khả năng tản nhiệt cho linh kiện, toàn bộ các phím được dịch chuyển xuống trong khi touchpad được đặt tại vị trí ngoài cũng bên phải của khung máy. Tuy nhiên thiết kế này mang lại cảm giác tương đối mới lạ và thuận tay cho người dùng tay phải. Touchpad có khả năng biến đổi thành cụm phím số Numpad thông qua phím chức năng chuyên biệt - điểm tương đồng giữa dòng máy gaming Zephyrus S và dòng doanh nhân Zenbook. </li>\r\n</ul>\r\n', 5, 'asus_2'),
(48, '6.	Laptop ASUS ROG S S410UA-EB220T (14\"/i7-8550U 1.8 GHz - 4.0 GHz/4GB RAM/256GB SSD/Intel UHD Graphics 620/Windows 10 Home SL 64-bit/1.4kg)', '', 18000000, 0, 0, '0000-00-00', '0000-00-00', 0, '2019-05-12 13:38:53', '0000-00-00 00:00:00', '<h4>Tên sản phẩm: Máy tính xách tay/ Laptop Asus S410UA-EB220T (I7-8550U)</h4>\r\n<ul>\r\n<li>- CPU: Intel Core i7-8550U ( 1.8 GHz - 4.0 GHz / 8MB / 4 nhân, 8 luồng ) </li>\r\n<li>- Màn hình: 14\" ( 1920 x 1080 ) , không cảm ứng </li>\r\n<li>- RAM: 1 x 4GB Onboard DDR4 2400MHz </li>\r\n<li>- Đồ họa: Intel UHD Graphics 620 </li>\r\n<li>- Lưu trữ: 256GB SSD M.2 SATA </li>\r\n<li>- Hệ điều hành: Windows 10 Home SL 64-bit</li> \r\n<li>- Pin: 3 cell 42 Wh Pin liền , khối lượng: 1.4 kg</li>\r\n</ul>\r\n<h4>Thông tin chi tiết</h4>\r\n<ul>\r\n<li>ASUS Rog mỏng hơn và nhẹ hơn bao giờ hết: trọng lượng chỉ 1.43 kg và có độ mỏng khó tin chỉ 18.8mm. Đây là một máy tính xách có thiết kế 14” hành trang của bạn chưa bao giờ nhẹ nhàng đến thế. </li>\r\n<li>Điều này đạt được nhờ sử dụng viền siêu mỏng NanoEdge 7.8mm, tỷ lệ màn hình trên kích thước là 80%, cao đến mức khó tin. Màn hình này cũng bao gồm công nghệ góc nhìn rộng 178° để đảm bảo màu sắc và độ tương phản sống động và đậm nét kể cả khi nhìn từ các góc hẹp. Công nghệ này là một giải pháp lý tưởng để chia sẻ nội dung với bạn bè và đồng nghiệp. </li>\r\n\r\n</ul>\r\n', 6, 'asus_2'),
(49, '1.	Laptop ASUS TUF Gaming FX503VM-E4087T (15.6\"/i5-7300HQ 2.5 GHz - 3.5 GHz/8GB RAM/1TB HDD/NVIDIA GeForce GTX 1060 6GB/Windows 10 Home SL 64-bit/2.6kg)', '', 15000000, 0, 0, '0000-00-00', '0000-00-00', 0, '2019-05-12 13:38:56', '0000-00-00 00:00:00', '<h4>Tên sản phẩm: Máy tính xách tay/ Laptop Asus FX503VM-E4087T (I5-7300HQ) (Đen)</h4>\r\n<ul>\r\n<li>- CPU: Intel Core i5-7300HQ ( 2.5 GHz - 3.5 GHz / 6MB / 4 nhân, 4 luồng ) </li>\r\n<li>- Màn hình: 15.6\" IPS ( 1920 x 1080 ) , không cảm ứng </li>\r\n<li>- RAM: 1 x 8GB DDR4 2400MHz </li>\r\n<li>- Đồ họa: Intel HD Graphics 630 / NVIDIA GeForce GTX 1060 6GB</li> \r\n<li>- Lưu trữ: 1TB HDD 5400RPM </li>\r\n<li>- Hệ điều hành: Windows 10 Home SL 64-bit</li> \r\n<li>- Pin: 4 cell 64 Wh Pin liền , khối lượng: 2.6 kg</li>\r\n</ul>	\r\n<h4>Thông tin chi tiết</h4>\r\n<ul>\r\n<li>ASUS FX503-E4087T là mẫu máy tính xách tay sử dụng Windown 10 mạnh mẽ, được tích hợp vi xử lý Intel thế hệ thứ 7 và card đồ họa NVIDIA GeForce GTX thế hệ thứ 10. Dung lượng pin cao của laptop ASUS FX503-E4087T đảm bảo bạn sẽ luôn được giải trí với hiệu năng cao nhất trong suốt cả ngày. Và hệ thống tản nhiệt cho phép trải nghiệm gaming đồ họa cao một cách mãnh liệt mà không phải điều chỉnh. Với thiết kế mỏng nhẹ của máy, bạn có thể mang cỗ máy đầy sức mạnh này đến mọi nơi bạn đến.</li>\r\n<li>ASUS FX503-E4087T được trang bị vi xử lý Intel thế hệ thứ 7 và NVIDIA GeForce GTX thế hệ thứ 10 với sự hỗ trợ đầy đủ từ Microsoft DirectX 12, tất cả nằm trong một thiết kế đầy phong cách và gọn nhẹ. Hiệu năng này được bổ trợ với pin dung lượng cao để đảm bảo sự mượt mà cho những trận đấu kéo dài. Cho dù bạn cần phải sử dụng đa nhiệm cho công việc hoặc học tập, trong khi đang xem phim, nghe nhạc và gaming – ASUS FX503-E4087Tđầy đủ khả năng để đảm nhiệm. </li>\r\n\r\n<li>Bàn phím của ASUS FX503-E4087T cũng được thiết kế cẩn thận như những bộ phận khác trên máy. Những phím vòm cao su với hành trình phím 1.8mm, mang lại phản hồi xúc giác khi gõ phím, cùng với đèn nền màu đỏ nổi bật để bạn có thể điều khiển dễ dàng cả ngày lẫn đêm. Bàn phím của ASUS FX503-E4087T cũng được viền nổi bật phần phím WASD, công nghệ N-Key rollover, một thanh space bar dài, những phím điều hướng rộng rãi và các phím với độ cong 0.25mm để dễ kiểm soát cũng như mang lại độ chính xác cao cho những trận đấu khốc liệt nhất. </li>\r\n</ul>\r\n', 1, 'asus_3'),
(50, '2.	Laptop ASUS TUF Gaming FX504GE-EN047T (15.6\"/i7-8750H 2.2 GHz - 4.1 GHz/8GB RAM/1TB HDD/NVIDIA GeForce GTX 1050Ti 4GB/Windows 10 Home SL 64-bit/2.3kg)', '', 20000000, 0, 0, '0000-00-00', '0000-00-00', 0, '2019-05-12 13:38:59', '0000-00-00 00:00:00', '<h4>Tên sản phẩm: Máy tính xách tay/ Laptop Asus FX504GE-EN047T (i7-8750H) (Đen)</h4>\r\n<ul>\r\n<li>- CPU: Intel Core i7-8750H ( 2.2 GHz - 4.1 GHz / 9MB / 6 nhân, 12 luồng ) </li>\r\n<li>- Màn hình: 15.6\" ( 1920 x 1080 ) , không cảm ứng </li>\r\n<li>- RAM: 1 x 8GB DDR4 2666MHz </li>\r\n<li>- Đồ họa: Intel UHD Graphics 630 / NVIDIA GeForce GTX 1050Ti 4GB GDDR5 </li>\r\n<li>- Lưu trữ: 1TB HDD 5400RPM </li>\r\n<li>- Hệ điều hành: Windows 10 Home SL 64-bit </li>\r\n<li>- Pin: 3 cell 48 Wh Pin liền , khối lượng: 2.3 kg</li>\r\n</ul>\r\n<h4>Thông tin chi tiết</h4>\r\n<ul>\r\n<li>Với việc liên tục ra mắt nhiều mẫu mã sản phẩm chất lượng ở đa dạng các mức giá khác nhau, tập đoàn công nghệ Đài Loan Asus đã ngày càng chứng tỏ vị thế ông lớn của mình trên thị trường thiết bị công nghệ toàn cầu. Nhằm cạnh tranh trực tiếp với những nhà sản xuất máy tính lâu năm như Dell, Hewlett-Packard,… Asus liên tục tung ra hàng loạt các dòng laptop dưới nhiều thương hiệu, định vị phân khúc khác nhau, nổi bật như dòng sản phẩm ZenBook Pro cực cao cấp, hay những chiếc laptop  ROG với thiết kế và cấu hình đặc biệt hướng tới cộng đồng người chơi game. Đặc biệt hơn, Asus đã chú ý cả tới những game thủ không có hầu bao dư dả với dòng sản phẩm Asus TUF FX Gaming mới được ra mắt gần đây. Hôm nay, Phong Vũ sẽ đánh giá chi tiết Asus FX504GE-EN047T – một thiết bị thuộc dòng sản phẩm trên. </li>\r\n<li>Phân khúc từ 20 triệu đến 30 triệu đồng chính là nơi diễn ra sự cạnh tranh khốc liệt nhất trong thị trường laptopgaming tầm trugn tại Việt Nam. Ở mức giá này, tất cả các nhà sản xuất laptop đều có cho mình ít nhất một sản phẩm “đinh”, tổng hòa những yếu tố hợp lý nhất giữa cấu hình, chất lượng và giá bán để chiếm lấy sự quan tâm của người dùng. Lẽ tất nhiên, chính người dùng chúng ta sẽ là những người được hưởng lợi nhiều nhất, khi sự cạnh tranh gay gắt sẽ khiến các thương hiệu này buộc phải mang tới thị trường những sản phẩm ưu tú nhất với giá bán rẻ nhất có thể. Chiếc laptop Asus FX504GE-EN047T mà hôm nay chúng tôi giới thiệu tới các bạn chính là một trong những sản phẩm như vậy. </li>\r\n</ul>\r\n', 2, 'asus_3'),
(51, '3.	Laptop ASUS TUF Gaming FX504GD-E4262T (15.6\"/i5-8300H 2.3 GHz - 4.0 GHz/8GB RAM/128GB SSD + 1TB HDD/NVIDIA GeForce GTX 1050 4GB/Windows 10 Home SL 64-bit/2.3kg)', '', 30000000, 0, 0, '0000-00-00', '0000-00-00', 0, '2019-05-12 13:39:02', '0000-00-00 00:00:00', '<h4>Tên sản phẩm: Máy tính xách tay/ Laptop Asus FX504GD-E4262T (I5-8300H) (Đen)</h4>\r\n<ul>\r\n<li>- CPU: Intel Core i5-8300H ( 2.3 GHz - 4.0 GHz / 8MB / 4 nhân, 8 luồng ) </li>\r\n<li>- Màn hình: 15.6\" IPS ( 1920 x 1080 ) , không cảm ứng </li>\r\n<li>- RAM: 1 x 8GB DDR4 2666MHz </li>\r\n<li>- Đồ họa: Intel UHD Graphics 630 / NVIDIA GeForce GTX 1050 4GB </li>\r\n<li>- Lưu trữ: 128GB SSD M.2 NVMe / 1TB SSHD 5400RPM </li>\r\n<li>- Hệ điều hành: Windows 10 Home SL 64-bit </li>\r\n<li>- Pin: 3 cell 48 Wh Pin liền , khối lượng: 2.3 kg</li>\r\n</ul>\r\n<h4>Thông tin chi tiết</h4>\r\n<ul>\r\n<li>Trong những năm gần đây, tập đoàn công nghệ đến từ Đài Loan Asus đã dần khẳng định mạnh mẽ thương hiệu mang tầm vóc quốc tế của mình và sánh vai những ông chủ thung lũng Silicon như Dell, Hewlett-Packard,… đặc biệt trong thị trường sản xuất máy tính xách tay cá nhân. Bên cạnh những chiếc laptop Republic of Gamers làm điên đảo cộng đồng game thủ nhờ vào thiết kế  hầm hố kết hợp với hệ thống màu sắc tràn đầy cá tính và năng lượng, Asus cũng sở hữu một mũi nhọn đó là dòng laptop Asus TUF FX Gaming ra mắt mới đây với Asus FX504GD-E4262T là đầu tàu. </li>\r\n<li>Được trang bị CPU i5-8300H thế hệ Coffee Lake mới nhất, card màn hình GTX 1050 4GB được kết nối trên công nghệ The Ultimate Force (TUF) siêu bền, chiếc máy tính xách tay tầm trung này sẵn sàng làm điên đảo thị trường máy tínhxách tay cá nhân nhờ vào “nội lực siêu đẳng” của mình. </li>\r\n\r\n<li>Có lẽ thị trường laptop gaming tầm trung với giá thành từ 20 triệu đến 30 triệu đồng là phân khúc giá dành cạnh tranh nhất dành cho máy tính xách tay tại Việt Nam trong năm 2018 nơi mà những tập đoàn công nghệ hàng đầu thế giới luôn có ít nhất một con ách chủ bài nhằm chiếm lấy niềm tin của giới game thủ. Chính sự cạnh tranh quyết liệt này khiến các thương hiệu máy tính xách tay phải không những đưa ra một giá thành hợp lý hơn mà còn phải nâng cấp chất lượng thiết kế cũng như phần cứng bên trong nói chung. </li>\r\n</ul>\r\n', 3, 'asus_3'),
(52, '4.	Laptop ASUS TUF Gaming FX504GE-E4059T (15.6\"/i7-8750H 2.2 GHz - 4.1 GHz/8GB RAM/1TB HDD/NVIDIA GeForce GTX 1050Ti 4GB/Windows 10 Home SL 64-bit/2.3kg)', '', 35000000, 0, 0, '0000-00-00', '0000-00-00', 0, '2019-05-12 13:39:05', '0000-00-00 00:00:00', '<h4>Tên sản phẩm: Máy tính xách tay/ Laptop Asus FX504GE-E4059T (I7-8750H) (Đen)</h4>\r\n<ul>\r\n<li>- CPU: Intel Core i7-8750H ( 2.2 GHz - 4.1 GHz / 9MB / 6 nhân, 12 luồng ) </li>\r\n<li>- Màn hình: 15.6\" IPS ( 1920 x 1080 ) , không cảm ứng </li>\r\n<li>- RAM: 1 x 8GB DDR4 2666MHz </li>\r\n<li>- Đồ họa: Intel UHD Graphics 630 / NVIDIA GeForce GTX 1050Ti 4GB </li>\r\n<li>- Lưu trữ: 1TB SSHD 5400RPM </li>\r\n<li>- Hệ điều hành: Windows 10 Home SL 64-bit</li> \r\n<li>- Pin: 3 cell 48 Wh Pin liền , khối lượng: 2.3 kg</li>\r\n</ul>\r\n<h4>Thông tin chi tiết</h4>\r\n<ul>\r\n<li>Chiếc laptop Asus TUF FX504GE-4059T là sản phẩm mới đại diện cho thương hiệu laptop nổi tiếng châu Á Asus trong cuộc đua đầy gay gắt này với những phẩm chất tương đối ấn tượng khi được xây dựng dựa trên công nghệ TUF (The Ultimate Force) siêu bền độc quyền của hãng cũng như nền tảng vi xử lý Coffee Lake mới nhất từ Intel và card màn hình máy tình tầm trung hiện vẫn đang làm mưa làm gió thị trường PC: GTX 1050Ti. </li>\r\n<li>Dòng laptop gaming TUF FX504 thừa hưởng ngôn ngữ thiết kế từ thương hiệu notebooks đình đám từ ROG thuộc về chính Asus cũng như mã sản phẩm tiền nhiệm FX503 mà nó thay thế. </li>\r\n\r\n<li>Trên trang chủ chính thức của thương hiệu điện tử Đài Loan Asus, TUF FX504 có 4 thiết kế khác nhau: Black Matter, Red Matter, Fusion và Premium Steel với chủ đề màu sắc tương đương. Tuy nhiên tại Việt Nam, “Huyết Tinh Thể” (Red Matter) sẽ là sản phẩm đại diện với mã hiệu Asus TUF FX504GE-4059T. </li>\r\n\r\n<li>Khung máy của chiếc laptop gaming được làm hoàn toàn từ nhựa tổng hợp ABS chuyên dụng cho sản xuất vỏ laptopvới những ưu điểm vượt trội như hấp thụ va đập mạnh, chống xước, chịu nhiệt tốt mà vẫn đảm bảo được khối lượng nhẹ tiêu chuẩn chỉ 2.3kg giúp cho chủ sở hữu có được sản phẩm có tính di động cao mà không tốn nhiều sức lực khi di chuyển. </li>\r\n</ul>\r\n', 4, 'asus_3'),
(53, '5.	Laptop ASUS TUF Gaming FX504GE-E4138T (15.6\"/i5-8300H 2.3 GHz - 4.0 GHz/8GB RAM/1TB HDD/NVIDIA GeForce GTX 1050Ti 4GB/Windows 10 Home SL 64-bit/2.3kg)', '', 40000000, 0, 0, '0000-00-00', '0000-00-00', 0, '2019-05-12 13:39:09', '0000-00-00 00:00:00', '<h4>Tên sản phẩm: Máy tính xách tay/ Laptop Asus FX504GE-E4138T (I5-8300H)</h4>\r\n<ul>\r\n<li>- CPU: Intel Core i5-8300H ( 2.3 GHz - 4.0 GHz / 8MB / 4 nhân, 8 luồng ) </li>\r\n<li>- Màn hình: 15.6\" IPS ( 1920 x 1080 ) , không cảm ứng </li>\r\n<li>- RAM: 1 x 8GB DDR4 2666MHz </li>\r\n<li>- Đồ họa: Intel UHD Graphics 630 / NVIDIA GeForce GTX 1050Ti 4GB GDDR5 </li>\r\n<li>- Lưu trữ: 1TB HDD 5400RPM </li>\r\n<li>- Hệ điều hành: Windows 10 Home SL 64-bit </li>\r\n<li>- Pin: 3 cell 48 Wh Pin liền , khối lượng: 2.3 kg</li>\r\n</ul>	\r\n<h4>Thông tin chi tiết</h4>\r\n<ul>\r\n<li>Với mức giá dưới 25 triệu Đồng, bạn khó lòng tìm được một chiếc laptop chơi game nào tốt hơn siêu phẩm TUF Gaming đến từ nhà sản xuất ASUS. Dòng laptop Asus TUF FX Gaming được Asus thiết kế để hướng tới một kỷ nguyên gaming đẳng cấp hơn bao giờ hết với mức giá rất phải chăng. Laptop Asus TUF Gaming FX504GE (i5-8300H) là sản phẩm đầu tiên thuộc thế hệ mới này. </li>\r\n<li>Hôm nay, Phong Vũ sẽ thực hiện bài đánh giá chi tiết laptop Asus TUF Gaming FX504GE, phiên bản CPU i5-8300H – một chiếc laptop thuộc dòng TUF Gaming trên, cực kì mạnh mẽ nhưng giá cũng rất vừa phải, khoảng 23 triệu Đồng. </li>\r\n<li>Thiết kế mới được kế thừa tinh thần của The Ultimate Force (TUF) trên các dòng bo mạch chủ của hãng nổi tiếng về sự bền bỉ và hầm hố. Toàn bộ phần mặt trước vẫn là chất liệu nhựa có vân sọc đứng giả kim loại được giữ nguyên như trên phiên bản FX503, bốn góc máy được vát góc cùng bốn đường gân dập nổi to bản giao nhau tại logo Asustạo hình chữ X. Họa tiết trang trí được Asus đặt tên “Huyết tinh thể” (Red Matter) bao gồm những đường sơn đỏ cắt xé mạnh mẽ lớp vỏ mặt trên thiết bị, mang lại cái nhìn vừa mới mẻ vừa đậm chất hầm hổ của các sản phẩm gamingtruyền thống. Bề mặt vỏ được nhà sản xuất làm họa tiết mô phỏng kim loại phay xước, tạo cảm giác cứng cáp và cao cấp. </li>\r\n</ul>\r\n', 5, 'asus_3'),
(54, '6.	Laptop Asus FX705GE-EW165T (17.3\" /i7-8750H 2.2 GHz - 4.1 GHz/8GB RAM/256GB SSD + 1TB HDD/NVIDIA GeForce GTX 1050Ti 4GB/Windows 10 Home SL 64-bit/2.7kg)v', '', 35000000, 0, 0, '0000-00-00', '0000-00-00', 0, '2019-05-12 13:39:43', '0000-00-00 00:00:00', '<h4>Tên sản phẩm: Máy tính xách tay/ Laptop Asus FX504GE-EN047T (i7-8750H) (Đen)</h4>\r\n<ul>\r\n<li>- CPU: Intel Core i7-8750H ( 2.2 GHz - 4.1 GHz / 9MB / 6 nhân, 12 luồng ) </li>\r\n<li>- Màn hình: 15.6\" ( 1920 x 1080 ) , không cảm ứng </li>\r\n<li>- RAM: 1 x 8GB DDR4 2666MHz </li>\r\n<li>- Đồ họa: Intel UHD Graphics 630 / NVIDIA GeForce GTX 1050Ti 4GB GDDR5 </li>\r\n<li>- Lưu trữ: 1TB HDD 5400RPM </li>\r\n<li>- Hệ điều hành: Windows 10 Home SL 64-bit </li>\r\n<li>- Pin: 3 cell 48 Wh Pin liền , khối lượng: 2.3 kg</li>\r\n</ul>\r\n<h4>Thông tin chi tiết</h4>\r\n<ul>\r\n<li>Với việc liên tục ra mắt nhiều mẫu mã sản phẩm chất lượng ở đa dạng các mức giá khác nhau, tập đoàn công nghệ Đài Loan Asus đã ngày càng chứng tỏ vị thế ông lớn của mình trên thị trường thiết bị công nghệ toàn cầu. Nhằm cạnh tranh trực tiếp với những nhà sản xuất máy tính lâu năm như Dell, Hewlett-Packard,… Asus liên tục tung ra hàng loạt các dòng laptop dưới nhiều thương hiệu, định vị phân khúc khác nhau, nổi bật như dòng sản phẩm ZenBook Pro cực cao cấp, hay những chiếc laptop  ROG với thiết kế và cấu hình đặc biệt hướng tới cộng đồng người chơi game. Đặc biệt hơn, Asus đã chú ý cả tới những game thủ không có hầu bao dư dả với dòng sản phẩm Asus TUF FX Gaming mới được ra mắt gần đây. Hôm nay, Phong Vũ sẽ đánh giá chi tiết Asus FX504GE-EN047T – một thiết bị thuộc dòng sản phẩm trên. </li>\r\n<li>Phân khúc từ 20 triệu đến 30 triệu đồng chính là nơi diễn ra sự cạnh tranh khốc liệt nhất trong thị trường laptopgaming tầm trugn tại Việt Nam. Ở mức giá này, tất cả các nhà sản xuất laptop đều có cho mình ít nhất một sản phẩm “đinh”, tổng hòa những yếu tố hợp lý nhất giữa cấu hình, chất lượng và giá bán để chiếm lấy sự quan tâm của người dùng. Lẽ tất nhiên, chính người dùng chúng ta sẽ là những người được hưởng lợi nhiều nhất, khi sự cạnh tranh gay gắt sẽ khiến các thương hiệu này buộc phải mang tới thị trường những sản phẩm ưu tú nhất với giá bán rẻ nhất có thể. Chiếc laptop Asus FX504GE-EN047T mà hôm nay chúng tôi giới thiệu tới các bạn chính là một trong những sản phẩm như vậy. </li>\r\n</ul>\r\n', 6, 'asus_3');
INSERT INTO `products` (`id`, `name`, `img`, `cost`, `quantity`, `size`, `start_discount`, `end_discount`, `discount`, `created_at`, `updated_at`, `description`, `id_type`, `id_product`) VALUES
(55, '1.	 Laptop Dell Inspiron 14 3467-M20NR3 (14\"/i3-7020U 2.3 GHz/4GB RAM/1TB HDD/Intel HD Graphics 620/Linux/2kg)', '', 25000000, 0, 0, '0000-00-00', '0000-00-00', 0, '2019-05-12 13:39:46', '0000-00-00 00:00:00', '<h4>Tên sản phẩm: Máy tính xách tay/ Laptop Dell Inspiron 14 3467-M20NR3 (Đen)</h4>\r\n<ul>\r\n<li>- CPU: Intel Core i3-7020U ( 2.3 GHz / 3MB / 2 nhân, 4 luồng ) </li>\r\n<li>- Màn hình: 14\" ( 1366 x 768 ) , không cảm ứng </li>\r\n<li>- RAM: 1 x 4GB DDR4 2400MHz </li>\r\n<li>- Đồ họa: Intel HD Graphics 620 </li>\r\n<li>- Lưu trữ: 1TB HDD 5400RPM </li>\r\n<li>- Hệ điều hành: Linux </li>\r\n<li>- Pin: 4 cell 40 Wh Pin rời , khối lượng: 2 kg</li>\r\n</ul>\r\n<h4>Thông tin chi tiết</h4>\r\n<ul>\r\n<li>Dell Inspiron 14 3467-M20NR3 là chiếc laptop thuộc phân khúc giá rẻ mà Dell hướng tới thị trường người dùng là học sinh, sinh viên hoặc dân văn phòng. Với tầm giá phổ thông thì Dell Inspiron 14 3467-M20NR3 là chiếc laptop đáng mua, phục vụ nhu cầu học tập cũng như giải trí một cách mượt mà. </li>\r\n<li>Dell Inspiron 3467 sở hữu những nét thiết kế đặc trưng của Dell với vẻ ngoài đơn giản và cứng cáp khi máy được chế tạo chủ yếu từ nhựa, các chi tiết của máy được chế tạo tỉ mỉ, từng góc cạnh được bo tròn hợp lý cho phép người dùng dễ dàng cầm nắm. Vỏ nhựa da sần giúp máy chống được dấu vân tay, bụi bẩn và tạo cảm giác sang trọng. Màu đen tuyền cho thấy sự mạnh mẽ, nổi bật đầy ấn tượng. </li>\r\n<li>Thực tế, chiếc laptop 14 inch của Dell trông khá lớn khi đặt cạnh một số mẫu laptop 14 inch khác do khu vực bàn phím và touchpad rộng rãi, một phần là bởi độ dày của nó (2,3 cm). Tuy nhiên trọng lượng thực của máy cũng 2 kg, khá là nhẹ giúp cho việc mang vác nó đối với cá nhân mình là tương đối đơn giản. </li>\r\n</ul>\r\n', 1, 'Dell_1'),
(56, 'Laptop Dell Inspiron 14 3476-8J61P11 (14\"/i3-8130U 2.2 GHz - 3.4 GHz/4GB RAM/1TB HDD/Intel UHD Graphics 620/Windows 10 Home SL 64-bit/2kg)', '', 30000000, 0, 0, '0000-00-00', '0000-00-00', 0, '2019-05-12 13:39:51', '0000-00-00 00:00:00', '<h4>Tên sản phẩm: Máy tính xách tay/ Laptop Dell Inspiron 14 3476-8J61P11</h4>\r\n<ul>\r\n<li>- CPU: Intel Core i3-8130U ( 2.2 GHz - 3.4 GHz / 4MB / 2 nhân, 4 luồng ) </li>\r\n<li>- Màn hình: 14\" ( 1366 x 768 ) , không cảm ứng </li>\r\n<li>- RAM: 1 x 4GB DDR4 2400MHz </li>\r\n<li>- Đồ họa: Intel UHD Graphics 620 </li>\r\n<li>- Lưu trữ: 1TB HDD 5400RPM </li>\r\n<li>- Hệ điều hành: Windows 10 Home SL 64-bit </li>\r\n<li>- Pin: 4 cell 40 Wh Pin rời , khối lượng: 2 kg</li>	\r\n</ul>\r\n<h4>Thông tin chi tiết</h4>\r\n<ul>\r\n<li>Dell Inspiron 3476 sở hữu những nét thiết kế đặc trưng của Dell với vẻ ngoài đơn giản và cứng cáp khi máy được chế tạo chủ yếu từ nhựa, các chi tiết của máy được chế tạo tỉ mỉ, từng góc cạnh được bo tròn hợp lý cho phép người dùng dễ dàng cầm nắm. Vỏ nhựa da sần giúp máy chống được dấu vân tay, bụi bẩn và tạo cảm giác sang trọng. Màu đen tuyền cho thấy sự mạnh mẽ, nổi bật đầy ấn tượng. </li>\r\n<li>Thực tế, chiếc laptop 14 inch của Dell trông khá lớn khi đặt cạnh một số mẫu laptop 14 inch khác do khu vực bàn phím và touchpad rộng rãi. Tuy vậy với trọng lượng 2 kg thì có thể nói chiếc laptop này khá nhẹ, khiến cho việc mang vác nó đối với cá nhân mình là khá đơn giản. Có lẽ điểm trừ duy nhất mình nhận thấy khi sử dụng chiếc máy này chính là bản lề khá cứng và không thể mở bằng một tay. Tuy nhiên đây cũng có thể được coi là một ưu điểm, chắc chắn chiếc laptop này sẽ luôn đóng kín và nằm im trong túi khi bạn mang nó ra ngoài. </li>\r\n\r\n<li>Về công kết nối, ngoài các cổng thông dụng nhất hiện nay trên hầu hết mọi thiết bị laptop phổ thông như USB 2.0, HDMI, cáp ethernet, jack audio 3.5mm, Dell Inspiron 14-3476 vừa tích hợp thêm các chuẩn kết nối mới như cổng USB3.1 Type-C vừa giữ lại những chuẩn cũ cần thiết với nhiều người dùng, đó là ổ DVD-rom. Với khả năng đọc và ghi đĩa, nó tỏ ra khá hữu ích cho những người thường xuyên phải cài đặt các phần mềm bản quyền, hay những cá nhân học ngoại ngữ qua đĩa. Các laptop hiện nay thường không còn tích hợp loại ổ đĩa này nữa. </li>\r\n</ul>\r\n', 2, 'Dell_1'),
(57, '3.	Laptop Dell Inspiron G7 7588-N7588A (15.6\"/i7-8750H 2.2 GHz - 4.1 GHz/8GB RAM/128GB SSD + 1TB HDD/NVIDIA GeForce GTX 1050Ti 4GB/Windows 10 Home SL 64-bit/2.7kg)', '', 15000000, 0, 0, '0000-00-00', '0000-00-00', 0, '2019-05-12 13:39:54', '0000-00-00 00:00:00', '<h4>Tên sản phẩm: Máy tính xách tay/ Laptop Dell Inspiron 7588-N7588A (Đen)</h4>\r\n<ul>\r\n<li>- CPU: Intel Core i7-8750H ( 2.2 GHz - 4.1 GHz / 9MB / 6 nhân, 12 luồng ) </li>\r\n<li>- Màn hình: 15.6\" IPS ( 1920 x 1080 ) , không cảm ứng </li>\r\n<li>- RAM: 1 x 8GB DDR4 2666MHz </li>\r\n<li>- Đồ họa: Intel UHD Graphics 630 / NVIDIA GeForce GTX 1050Ti 4GB GDDR5 </li>\r\n<li>- Lưu trữ: 128GB SSD M.2 SATA / 1TB HDD 5400RPM </li>\r\n<li>- Hệ điều hành: Windows 10 Home SL 64-bit </li>\r\n<li>- Pin: 4 cell 56 Wh Pin liền , khối lượng: 2.7 kg</li>\r\n</ul>\r\n<h4>Thông tin chi tiết</h4>\r\n<ul>\r\n<li>Dell Inspiron 7588 có hai màu khác nhau; Alpine trắng và đen cam thảo. Điều tốt nhất về con thú đói game này là cấu trúc cơ thể mỏng hơn của nó so với laptop gaming cũ. Điều này làm cho nó khá tiện dụng để có bất cứ nơi nào không giống như Alienware hoặc MSI máy. Phần body được làm bằng nhựa mỏng manh cũng là để giảm giá thành. </li>\r\n<li>Nếu bạn đang tìm kiếm một máy tính xách tay cho nhu cầu Gaming và sử dụng hàng ngày; Dell G series là một trong những lựa chọn tốt nhất hiện có. Nó có chín cổng bao gồm 3 cổng USB 3.1 siêu tốc, 1 cổng HDMI 2.0, khe khóa bảo mật cao cấp, Type-C Thunderbolt 3 với hỗ trợ 40 Gbps, giắc cắm tai nghe / mic, giắc nguồn, Gigabit Ethernet RJ-45 và 2-in -1 Đầu đọc thẻ SD / Micro-media. Bàn phím có kích thước chuẩn với đèn nền màu xanh. Hợp kim magiê bền niềng răng hệ thống cho độ cứng đặc biệt và phần còn lại của bàn tay luxe với một kết thúc bằng kim loại chải hoàn thành cái nhìn siêu kiểu dáng đẹp. </li>\r\n<li>Mỗi lần gõ trên bàn phím mình có cảm giác được làm gia công rất rất kiến cố, các phím có lực nhấn vừa phải 1,4mm và đèn nền màu xanh với các phím WASD mang lại cho bạn một cảm giác hấp dẫn. Bàn phím của Dell G5 có đèn nền màu đỏ khiến khó xác định các nút nhưng đèn nền màu xanh của Dell Inspiron 7588 đã đề cập đến vấn đề này.  DellG7 7588 được tích hợp với hai loa điều khiển phía trước được điều chỉnh bởi Waves MaxxAudio Pro để cải thiện độ rõ nét. Touchpad có các trình điều khiển cửa sổ chính xác với bề mặt nhựa. Bàn di chuột cung cấp cho bạn một cách dễ dàng và bạn không phải vội vã di chuột như Dell G3. G7 đi kèm với một máy quét dấu vân tay ở phía bên trái của nút nguồn. </li>\r\n</ul>\r\n', 3, 'Dell_1'),
(58, '4.	 Laptop Dell Inspiron 5482-C4TI5017W (14\" cảm ứng/i5-8265U 1.6 GHz - 3.9 GHz/8GB RAM/256GB SSD/Intel UHD Graphics 620/Windows 10 Home SL 64-bit/1.9kg)', '', 20000000, 0, 0, '0000-00-00', '0000-00-00', 0, '2019-05-12 13:39:57', '0000-00-00 00:00:00', '<h4>Tên sản phẩm: Máy tính xách tay/ Laptop Dell Inspiron 5482-C4TI5017W (Bạc)</h4>\r\n<ul>\r\n<li>- CPU: Intel Core i5-8265U ( 1.6 GHz - 3.9 GHz / 6MB / 4 nhân, 8 luồng ) </li>\r\n<li>- Màn hình: 14\" IPS ( 1920 x 1080 ) , cảm ứng </li>\r\n<li>- RAM: 1 x 8GB DDR4 2666MHz </li>\r\n<li>- Đồ họa: Intel UHD Graphics 620 </li>\r\n<li>- Lưu trữ: 256GB SSD M.2 NVMe </li>\r\n<li>- Hệ điều hành: Windows 10 Home SL 64-bit </li>\r\n<li>- Pin: 3 cell 42 Wh Pin liền , khối lượng: 1.9 kg</li>\r\n</ul>\r\n<h4>Thông tin chi tiết</h4>\r\n<ul>\r\n<li>Dell Inspiron là dòng laptop có cấu hình và ngoại hình đa dạng hơn Dell Vostro, nói một cách khác như một dạng nâng cấp của dòng Vostro ngay đầu tiên ấn tượng là ngoại hình, tiếp đến là các thông số phần cứng. Thời gian gần đây, Dell Inspiron còn bổ sung thêm dòng gaming có ngoại hình nổi bật, tản nhiệt được đầu tư và cấu hình đầu tư phục vụ chơi game để mở rộng giới hạn của phân khúc. </li>\r\nDell Inspiron 5482-C4TI5017W là một trong những đại diện nổi bật cho Inspiron cấu hình cao, khi được đầu tư theo hướng như một máy mini workstation. Ngoại hình cũng được đầu tư tương xứng và các khe thoát nhiệt của máy được đặt hoàn toàn ở phía sau để tránh ảnh hưởng tới người dùng. </li>\r\n<li>Tấm nền IPS luôn cho hiển thị màu sắc có độ chuẩn cao và dải màu rộng. Bên cạnh đó là sự tiện lợi của màn hìnhcảm ứng, các thao tác giải trí lẫn đồ hoạ đều được tối ưu tiện lợi. Độ phân giải Full HD giúp máy có thể xuất hình sang các màn hình ngoài lớn hơn thông qua cổng HDMI.\r\n<li>RAM dung lượng 8GB có bus lên tới 2666Mhz là rất cao đối với RAM laptop. Để hoàn thiện một cấu hình mini workstation, Dell Inspiron 5482-C4TI5017W có hỗ trợ nâng cấp RAM tối đa lên tới 16GB với 2 khe RAM sẵn có (1 khe lắp sẵn RAM 8GB). </li>\r\n</ul>\r\n', 4, 'Dell_1'),
(59, '5.	Laptop Dell Inspiron 5480-N5480B (14\"/Intel Core i5-8265U 1.6 GHz - 3.9 GHz/8GB/256GB SSD/Intel UHD Graphics 620//Windows 10 Home SL 64-bitkg)', '', 25000000, 0, 0, '0000-00-00', '0000-00-00', 0, '2019-05-12 13:40:00', '0000-00-00 00:00:00', '<h4>Tên sản phẩm: Máy tính xách tay/ Laptop Dell Inspiron 5480-N5480B (I5-8265U)</h4>\r\n<ul>\r\n<li>- CPU: Intel Core i5-8265U ( 1.6 GHz - 3.9 GHz / 6MB / 4 nhân, 8 luồng ) </li>\r\n<li>- Màn hình: 14\" IPS ( 1920 x 1080 ) , không cảm ứng </li>\r\n<li>- RAM: 1 x 8GB DDR4 2666MHz </li>\r\n<li>- Đồ họa: Intel UHD Graphics 620 </li>\r\n<li>- Lưu trữ: 256GB SSD M.2 NVMe </li>\r\n<li>- Hệ điều hành: Windows 10 Home SL 64-bit </li>\r\n<li>- Pin: 3 cell 42 Wh Pin liền , khối lượng: 1.6 kg</li>\r\n</ul>\r\n<h4>Thông tin chi tiết</h4>\r\n<ul>\r\n<li>Dell Inspiron là một trong những dòng máy tính xách tay của Dell đã được phát triển cách đây rất nhiều năm. Đối tượng sử dụng mà dòng này nhắm tới là các cá nhân mà cụ thể là sinh viên, gia đình hay người dùng phổ thông nói chung. Inspiron phân cấp thành 2 loại: Phổ thông và Trung cấp. Laptop Dell Inspiron 5480-N5480B được nhắc tới trong bài viết này thuộc dòng Trung cấp với cấu hình mạnh mẽ thiên về tốc độ xử lý và lưu trữ. Chúng ta hãy cùng đi tới phần phân tích cấu hình và tiện ích để có thể hình dung dễ dàng về hiệu năng của Laptop Dell Inspiron 5480-N5480B được sử dụng cho những nhu cầu cụ thể như thế nào. </li>\r\n<li>Đây là loại CPU tiết kiệm điện với mức xung cơ bản hạ thấp xuống 1.6Ghz, cũng để hạ nhiệt độ máy khi chạy các chương trình nhẹ. Nếu với xung nhịp chỉ cố định ở mức này thì sẽ là không đủ tốc độ để phục vụ chạy trơn tru các chương trình hiện tại, do đó việc i5-8265U có thể turbo boost lên mức xung 3.9Ghz khi chạy các chương trình nặng hơn là một ưu điểm. Cùng với 4 nhân thực và 8 luồng xử lý từ công nghệ Hyper Threading có thể đáp ứng tốt các tác vụ từ chương trình độ hoạ như dựng hình, render, chỉnh sửa video,… </li>\r\n</ul>\r\n\r\n', 5, 'Dell_1'),
(60, 'Laptop Dell Inspiron 5570-N5570E', '', 23000000, 0, 0, '0000-00-00', '0000-00-00', 0, '2019-05-12 13:40:03', '0000-00-00 00:00:00', '<h4>Tên sản phẩm: Máy tính xách tay/ Laptop Dell Inspiron 5570-N5570E (I7-8550U)</h4>\r\n<ul>\r\n<li>- CPU: Intel Core i7-8550U ( 1.8 GHz - 4.0 GHz / 8MB / 4 nhân, 8 luồng ) </li>\r\n<li>- Màn hình: 15.6\" ( 1920 x 1080 ) , không cảm ứng </li>\r\n<li>- RAM: 1 x 8GB DDR4 2400MHz </li>\r\n<li>- Đồ họa: Intel UHD Graphics 620 / AMD Radeon 530 4GB GDDR5 </li>\r\n<li>- Lưu trữ: 128GB SSD M.2 NVMe / 1TB HDD 5400RPM </li>\r\n<li>- Hệ điều hành: Ubuntu </li>\r\n<li>- Pin: 3 cell 42 Wh Pin liền , khối lượng: 2.1 kg</li>\r\n</ul>\r\n<h4>Thông tin chi tiết</h4>\r\n<ul>\r\n<li>Cùng với sự ra mắt CPU thế hệ thứ 8 của Intel, các OEM đã nhanh chóng cho ra mắt dòng sản phẩm mới của mình. Dell là một trong những OEM áp dụng dòng CPU mới này trên dòng sản phẩm Dell Inspiron. Xem xét một cách tổng thể, Dell Inspiron 5570-N5570E làm một chiếc laptop tuyệt vời với Core i7-8550U cùng với card đồ họa rời  AMD Radeon 530. </li>\r\n<li>Dell Inspiron 5570-N5570E mang kiểu dáng cứng cáp với đường nét chắc chắn. Không trang trí quá nhiều và bắt mắt nhưng vẫn đem lại cho người người dùng một chiếc laptop mang hiệu năng như ý. Màu xám bạc phù hợp với mọi đối tượng sử dụng từ dân văn phòng, sinh viên và dân đồ họa designer. </li>\r\n\r\n</ul>\r\n', 6, 'Dell_1'),
(61, '1.	Laptop Dell Vostro V3578-V3578B (15.6\"/i5-8250U 1.6 GHz - 3.4 GHz/4GB RAM/1TB HDD/AMD Radeon 520 2GB/Windows 10 Home SL 64-bit/2.3kg)', '', 15000000, 0, 0, '0000-00-00', '0000-00-00', 0, '2019-05-12 13:40:06', '0000-00-00 00:00:00', '<h4>Tên sản phẩm: Máy tính xách tay/ Laptop Dell Vostro V3578-V3578B</h4>\r\n<ul>\r\n<li>- CPU: Intel Core i5-8250U ( 1.6 GHz - 3.4 GHz / 6MB / 4 nhân, 8 luồng ) </li>\r\n<li>- Màn hình: 15.6\" ( 1920 x 1080 ) , không cảm ứng </li>\r\n<li>- RAM: 1 x 4GB DDR4 2400MHz </li>\r\n<li>- Đồ họa: Intel UHD Graphics 620 / AMD Radeon 520 2GB GDDR5 </li>\r\n<li>- Lưu trữ: 1TB HDD 5400RPM </li>\r\n<li>- Hệ điều hành: Windows 10 Home SL 64-bit </li>\r\n<li>- Pin: 4 cell 40 Wh Pin rời , khối lượng: 2.3 kg</li>\r\n</ul>\r\n<h4>Thông tin chi tiết</h4>\r\n<li><ul>\r\nVới thiết kế luôn giữ được sự đơn giản nhưng hiệu quả mà dòng laptop làm việc này mang lại thật sự đáng tìm hiệu. Luôn nắm bắt được công nghệ tiên tiến, người dùng luôn được trải nghiệm những công nghệ mới mà Dell mang lại, sử dụng màn hình với tấm nền chống chối, chống lóa mang lại cho người dùng trải nghiệm cả trong môi trường có nắng, tăng thời gian sử dụng liên tục cho người dùng hạn chế mỏi mắt. Sử dụng chip Intel thế hệ cao cập nhật các chế độ mới và mang đến hiệu năng tốt hơn. Đặc biệt, sử dụng chip đồ họa cao hơn các dòng máy tầm trung khác mang lại được sự trải nghiệm tốt hơn các ứng dụng đáp ứng cho công việc cũng như tăng thêm phần thú vị trong thời gian giải trí. Hỗ trợ bảo mật vân tay giúp người dùng có thể lưu trữ thông tin tốt hơn, an toàn hơn chỉ với 1 lần chạm. </li>\r\n<li>Màn hình: Sử dụng tấm nền IPS với điểm mạnh nằm ở góc nhìn rộng, chống lóa hỗ trợ người dùng có thể nhìn từ nhiều góc độ cũng như sử dụng ngay trong môi trường có ánh nắng trực tiếp. Với độ bền cao hơn, duy trì tuôi thọ sản phẩm lâu hơn, bền bỉ hơn cùng độ phân giải 1920 x 1080 với hình ảnh chuẩn Full HD được gói gọn trong kích thước 15,6 inch mang đến trải nghiệm hình ảnh sắc nét. </li>\r\n</ul>\r\n', 1, 'Dell_2'),
(62, '2.	Laptop Dell Vostro 14-5471 (F5471-70153001)(14\"/Intel Core i7-8550U 1.8 GHz - 4.0 GHz/8GB/1TB HDD/AMD Radeon 530/Windows 10 Home SL 64-bit + Office Personal 365/1.7kg)', '', 20000000, 0, 0, '0000-00-00', '0000-00-00', 0, '2019-05-12 13:40:08', '0000-00-00 00:00:00', '<h4>Tên sản phẩm: Máy tính xách tay/ Laptop Dell Vostro 14-5471 (F5471-70153001) (i7-8550U)</h4>\r\n<ul>\r\n<li>- CPU: Intel Core i7-8550U ( 1.8 GHz - 4.0 GHz / 8MB / 4 nhân, 8 luồng ) </li> \r\n<li>- Màn hình: 14\" ( 1920 x 1080 ) , không cảm ứng </li>\r\n<li>- RAM: 1 x 8GB DDR4 2400MHz </li>\r\n<li>- Đồ họa: Intel UHD Graphics 620 / AMD Radeon 530 4GB GDDR5 </li>\r\n<li>- Lưu trữ: 1TB HDD 5400RPM </li>\r\n<li>- Hệ điều hành: Windows 10 Home SL 64-bit + Office Personal 365 </li>\r\n<li>- Pin: 3 cell 42 Wh Pin liền , khối lượng: 1.7 kg</li>\r\n</ul>\r\n<h4>Thông tin chi tiết</h4>\r\n<ul>\r\n\r\n<li>Chip đồ họa: intel UHD Graphics 620 thuộc dòng chip cải tiến nâng cao khả năng làm việc so với 520, với thử nghiệm qua 3D Mark Cloud Gate( đánh giá về khả năng xử lý đồ họa game)Intel HD Graphics 620 nhanh hơn khoảng 7% so với dòng 520 trước đó. Ngoài ra điểm manh nhất Intel UHD Graphics có chính là nằm ở tính năng xem Video có độ phân giải 4K. Hỗ trợ cho mình cả 2 tiêu chuẩn đồ họa Open GL và DirectX được áp dụng nhiều trong các trò chơi điện tử, mô phỏng, thực tế ảo,... Đặc biệt, tích hợp chip đồ họa AMD Radeon 520 2GB GDDR5 giúp cải thiện khả năng chơi game cũng như làm việc với các ứng dụng đòi cao 1 cách dễ dàng hơn. </li>\r\n<li>Khả năng lưu trữ dung lượng cao: với không gian lưu trữ lên tới 1TB HDD với tốc độ vòng quay 5400RPM đáp ứng được tốc độ cao giúp cho người dùng lưu trữ, ghi chép dữ liệu thuận tiện. Với 1 TB dung lượng, đáp ứng nhu cầu giải trí của người dùng vô cùng cao, khả năng lưu trữ game, cũng như lưu trữ hàng trăm bộ phim tăng thêm phần thú vị ở từng phút giây giải trí. </li>\r\n\r\n</ul>\r\n', 2, 'Dell_2'),
(63, '3.	Laptop Dell Vostro 15-5581 (F5581-70175950)(15.6\"/Intel Core i5-8265U 1.6 GHz - 3.9 GHz/4GB/1TB HDD/Intel UHD Graphics 620/Windows 10 Home SL 64-bit + Office Personal 365/1.9kg)', '', 18000000, 0, 0, '0000-00-00', '0000-00-00', 0, '2019-05-12 13:40:11', '0000-00-00 00:00:00', '<h4>Tên sản phẩm: Máy tính xách tay/ Laptop Dell Vostro 15-5581 (F5581-70175950) (i5-8265U)</h4>\r\n<ul>\r\n<li>- CPU: Intel Core i5-8265U ( 1.6 GHz - 3.9 GHz / 6MB / 4 nhân, 8 luồng ) </li>\r\n<li>- Màn hình: 15.6\" IPS ( 1920 x 1080 ) , không cảm ứng </li>\r\n<li>- RAM: 1 x 4GB DDR4 2666MHz </li>\r\n<li>- Đồ họa: Intel UHD Graphics 620 </li>\r\n<li>- Lưu trữ: 1TB HDD 5400RPM </li>\r\n<li>- Hệ điều hành: Windows 10 Home SL 64-bit + Office Personal 365 </li>\r\n<li>- Pin: 3 cell 42 Wh Pin liền , khối lượng: 1.9 kg</li>\r\n</ul>\r\n<h4>Thông tin chi tiết</h4>\r\n<ul>\r\n<li>Với thiết kế luôn giữ được sự đơn giản nhưng hiệu quả mà dòng laptop làm việc này mang lại thật sự đáng tìm hiệu. Luôn nắm bắt được công nghệ tiên tiến, người dùng luôn được trải nghiệm những công nghệ mới mà Dell mang lại, sử dụng màn hình với tấm nền chống chối, chống lóa mang lại cho người dùng trải nghiệm cả trong môi trường có nắng, tăng thời gian sử dụng liên tục cho người dùng hạn chế mỏi mắt. </li>\r\n<li>Sử dụng chip Intel thế hệ cao cập nhật các chế độ mới và mang đến hiệu năng tốt hơn. Dung lượng lớn giúp người dùng sở hữu 1 kho giải trí rộng lớn hơn và được tặng kèm 1 bản Office củng cố khả năng làm việc của người dùng được tốt hơn, sau khi cài đặt thành công người dùng sẽ không còn phải “thấp thoảng lo âu” nỗi lo virus do các phần mềm office crack chứa nhiều mã độc. Hỗ trợ bảo mật vân tay giúp người dùng có thể lưu trữ thông tin tốt hơn, an toàn hơn chỉ với 1 lần chạm. </li>\r\n\r\n</ul>\r\n', 3, 'Dell_2'),
(64, '4.	Laptop Dell Vostro 15 5581 (F5581-70175952)(15.6\"/Intel Core i5-8265U 1.6 GHz - 3.9 GHz/4GB/1TB HDD/Intel UHD Graphics 620/Windows 10 Home SL 64-bit + Office Personal 365/1.9kg)', '', 19000000, 0, 0, '0000-00-00', '0000-00-00', 0, '2019-05-12 13:40:14', '0000-00-00 00:00:00', '<h4>Tên sản phẩm: Máy tính xách tay/ Laptop Dell Vostro 15 5581 (F5581-70175952) (i5-8265U) (Xám Bạc)</h4>\r\n<ul>\r\n<li>- CPU: Intel Core i5-8265U ( 1.6 GHz - 3.9 GHz / 6MB / 4 nhân, 8 luồng ) </li>\r\n<li>- Màn hình: 15.6\" IPS ( 1920 x 1080 ) , không cảm ứng </li>\r\n<li>- RAM: 1 x 4GB DDR4 2666MHz </li>\r\n<li>- Đồ họa: Intel UHD Graphics 620 </li>\r\n<li>- Lưu trữ: 1TB HDD 5400RPM </li>\r\n<li>- Hệ điều hành: Windows 10 Home SL 64-bit + Office Personal 365 </li>\r\n<li>- Pin: 3 cell 42 Wh Pin liền , khối lượng: 1.9 kg</li>\r\n</ul>\r\n<h4>Thông tin chi tiết</h4>\r\n<ul>\r\n<li>Với thiết kế luôn giữ được sự đơn giản nhưng hiệu quả mà dòng laptop làm việc này mang lại thật sự đáng tìm hiệu. Luôn nắm bắt được công nghệ tiên tiến, người dùng luôn được trải nghiệm những công nghệ mới mà Dell mang lại, sử dụng màn hình với tấm nền chống chối, chống lóa mang lại cho người dùng trải nghiệm cả trong môi trường có nắng, tăng thời gian sử dụng liên tục cho người dùng hạn chế mỏi mắt. </li>\r\n<li>Sử dụng chip Intel thế hệ cao cập nhật các chế độ mới và mang đến hiệu năng tốt hơn. Dung lượng lớn giúp người dùng sở hữu 1 kho giải trí rộng lớn hơn và được tặng kèm 1 bản Office củng cố khả năng làm việc của người dùng được tốt hơn, sau khi cài đặt thành công người dùng sẽ không còn phải “thấp thoảng lo âu” nỗi lo virus do các phần mềm office crack chứa nhiều mã độc. Hỗ trợ bảo mật vân tay giúp người dùng có thể lưu trữ thông tin tốt hơn, an toàn hơn chỉ với 1 lần chạm. </li>\r\n\r\n</ul>\r\n', 4, 'Dell_2'),
(65, '5.	Laptop Dell Vostro 5581-VRF6J1(15.6\"/Intel Core i5-8265U 1.6 GHz - 3.9 GHz/4GB/1TB HDD/NVIDIA GeForce MX130/Windows 10 Home SL 64-bit + Office Personal 365/1.9kg)', '', 15000000, 0, 0, '0000-00-00', '0000-00-00', 0, '2019-05-12 13:40:17', '0000-00-00 00:00:00', '<h4>Tên sản phẩm: Máy tính xách tay/ Laptop Dell Vostro 5581-VRF6J1 (i5-8265U)</h4>\r\n<ul>\r\n<li>- CPU: Intel Core i5-8265U ( 1.6 GHz - 3.9 GHz / 6MB / 4 nhân, 8 luồng ) </li>\r\n<li>- Màn hình: 15.6\" IPS ( 1920 x 1080 ) , không cảm ứng </li>\r\n<li>- RAM: 1 x 4GB DDR4 2666MHz </li>\r\n<li>- Đồ họa: Intel UHD Graphics 620 / NVIDIA GeForce MX130 2GB GDDR5 </li>\r\n<li>- Lưu trữ: 1TB HDD 5400RPM </li>\r\n<li>- Hệ điều hành: Windows 10 Home SL 64-bit + Office Personal 365 </li>\r\n<li>- Pin: 3 cell 42 Wh Pin liền , khối lượng: 1.9 kg</li>\r\n</ul>\r\n<h4>Thông tin chi tiết</h4>\r\n<ul>\r\n<li>Với thiết kế luôn giữ được sự đơn giản nhưng hiệu quả mà dòng laptop làm việc này mang lại thật sự đáng tìm hiệu. Luôn nắm bắt được công nghệ tiên tiến, người dùng luôn được trải nghiệm những công nghệ mới mà Dell mang lại, sử dụng màn hình với tấm nền chống chối, chống lóa mang lại cho người dùng trải nghiệm cả trong môi trường có nắng, tăng thời gian sử dụng liên tục cho người dùng hạn chế mỏi mắt. Sử dụng chip Intel thế hệ cao cập nhật các chế độ mới và mang đến hiệu năng tốt hơn. Đặc biệt, sử dụng chip đồ họa cao hơn các dòng máy tầm trung khác mang lại được sự trải nghiệm tốt hơn các ứng dụng đáp ứng cho công việc cũng như tăng thêm phần thú vị trong thời gian giải trí. Hỗ trợ bảo mật vân tay giúp người dùng có thể lưu trữ thông tin tốt hơn, an toàn hơn chỉ với 1 lần chạm. </li>\r\n<li>Màn hình: Sử dụng tấm nền IPS với điểm mạnh nằm ở góc nhìn rộng, chống lóa hỗ trợ người dùng có thể nhìn từ nhiều góc độ cũng như sử dụng ngay trong môi trường có ánh nắng trực tiếp. Với độ bền cao hơn, duy trì tuôi thọ sản phẩm lâu hơn, bền bỉ hơn cùng độ phân giải 1920 x 1080 với hình ảnh chuẩn Full HD được gói gọn trong kích thước 15,6 inch mang đến trải nghiệm hình ảnh sắc nét. </li>\r\n</ul>\r\n', 5, 'Dell_2'),
(66, '6.	Laptop Dell Vostro 5370-7M6D51 (13.3\"/i5-8250U 1.6 GHz - 3.4 GHz/4GB RAM/256GB SSD/Intel UHD Graphics 620/Windows 10 Home SL 64-bit/1.4kg)', '', 20000000, 0, 0, '0000-00-00', '0000-00-00', 0, '2019-05-12 13:40:20', '0000-00-00 00:00:00', '<h4>Tên sản phẩm: Máy tính xách tay/ Laptop Dell Vostro 5370-7M6D51 (i5-8250U) (Xám)</h4>\r\n<ul>\r\n<li>- CPU: Intel Core i5-8250U ( 1.6 GHz - 3.4 GHz / 6MB / 4 nhân, 8 luồng ) </li>\r\n<li>- Màn hình: 13.3\" ( 1920 x 1080 ) , không cảm ứng </li>\r\n<li>- RAM: 1 x 4GB DDR4 2400MHz </li>\r\n<li>- Đồ họa: Intel UHD Graphics 620 </li>\r\n<li>- Lưu trữ: 256GB SSD M.2 NVMe </li>\r\n<li>- Hệ điều hành: Windows 10 Home SL 64-bit </li>\r\n<li>- Pin: 3 cell 38 Wh Pin liền , khối lượng: 1.4 kg</li>\r\n</ul>\r\n<h4>Thông tin chi tiết</h4>\r\n<ul>\r\n<li>Dell Vostro, dòng máy hướng tới sự đơn giản và nam tính trong thiết kế ngoại hình và giao diện sử dụng. Đặc điểm nổi bật của dòng này là khung máy được gia cố cứng cáp bởi kim loại magie, thường dành cho doanh nhân hay doanh nghiệp nhỏ có nhu cầu làm việc di động. </li>\r\n<li>Laptop Dell Vostro 5370-7M6D51 đáp ứng tất cả những điều đó thông qua chất lượng kết cấu và cấu hình. Đầu tiên cần kể đến tính di động của máy như màn hình 13.3\", pin 3 cell liền và khối lượng của máy rất nhẹ chỉ có 1.4 kg. Tiếp đến là tính năng bảo mật vân tay luôn có độ bảo mật tin cậy. </li>\r\n<li>Với kích thước màn hình chỉ 13.3\" nhưng được đầu tư độ phân giải lên tới 1920 x 1080 rất sắc nét. Độ phân giải này còn phục vụ mục đích xuất hình sang màn hình rời có cùng độ phân giải nhưng kích thước lớn hơn, tăng không gian hiển thị thông tin rộng hơn. </li>\r\n</ul>\r\n', 6, 'Dell_2'),
(67, '1.	Laptop Lenovo Legion Y530-81FV00SUVN (15.6\"/i7-8750H 2.2 GHz - 4.1 GHz/8GB RAM/128GB SSD + 1TB HDD/NVIDIA GeForce GTX 1050 4GB/Free DOS/2.3kg)', '', 25000000, 0, 0, '0000-00-00', '0000-00-00', 0, '2019-05-12 13:40:23', '0000-00-00 00:00:00', '<h4>Tên sản phẩm: Máy tính xách tay/ Laptop Lenovo Legion Y530-81FV00SUVN (i7-8750H)</h4>\r\n<ul>\r\n<li>- CPU: Intel Core i7-8750H ( 2.2 GHz - 4.1 GHz / 9MB / 6 nhân, 12 luồng ) </li>\r\n<li>- Màn hình: 15.6\" IPS ( 1920 x 1080 ) , không cảm ứng </li>\r\n<li>- RAM: 1 x 8GB DDR4 2666MHz </li>\r\n<li>- Đồ họa: Intel UHD Graphics 630 / NVIDIA GeForce GTX 1050 4GB GDDR5</li>\r\n<li>- Lưu trữ: 128GB SSD M.2 NVMe / 1TB HDD 7200RPM </li>\r\n<li>- Hệ điều hành: Free DOS </li>\r\n<li>- Pin: 3 cell 52 Wh Pin liền , khối lượng: 2.3 kg</li>\r\n</ul>\r\n<h4>Thông tin chi tiết</h4>\r\n<ul>\r\n<li>Dòng sản phẩm Laptop Legion đến từ Lenovo được xem như 1 thiết bị Laptop chuyên dùng cho giới game thủ đến từ tính năng đến thiết kế. Mang kiểu dáng thiết kế hiện hiện đại nổi bật lên dàn đèn Led tinh tế. Ngoài ra sức mạnh mà Legion Y530 mang lại trải nghiệm tối đa cho người dùng bằng các linh kiện sở hữu công suất cao. </li>\r\n<li>Với vẻ ngoài thiết kế nhẹ nhàng nhưng đầy sự lôi cuốn, phong cách gaming khiến Lenovo khá chú trọng đến hiệu suất cũng như công năng sử dụng của sản phẩm. Legion Y530 được xem như 1 dòng sản phẩm chinh phục giới gamingtạo ra cuộc cách mạng công nghệ cải tiến cho game thủ trải nghiệm chơi game cấu hình cao trên Laptop. Vẻ ngoài trang nhã, công nghệ vượt trội chưa đủ để nói về Legion Y530, được gọi là “sức mạnh vô song” bởi được trang bị cho mình ngoài chip độ họa thông thường, Legio Y530 còn hỗ trợ card đồ họa “siêu khủng” đưa người dùng vào 1 thế giới chơi game với chất lượng còn hơn cả PC. </li>\r\n<li>Được thiết kế để đáp ứng cả những ứng dụng trong tương lai, chip đời thứ 8 đến từ Intel cung cấp sức mạnh mẽ, bền bỉ giúp bạn không lỗi thời khi mà công nghệ đang phát triển từng ngày. Hiệu suất được xem như là yếu tốt quan trọng nhất đến với người dùng, game thủ hay kể cả người làm việc bởi thời gian rất quan trọng với mỗi người, sử dụng ổ cứng SSD để khắc phục độ trễ mà ổ cứng HDD gặp phải. </li>\r\n</ul>\r\n', 1, 'lenovo_1'),
(68, '2.	Laptop Lenovo Legion Y530-81FV00STVN (15.6\"/i5-8300H 2.3 GHz - 4.0 GHz/8GB RAM/128GB SSD + 1TB HDD/NVIDIA GeForce GTX 1050 4GB/Free DOS/2.3kg)', '', 20000000, 0, 0, '0000-00-00', '0000-00-00', 0, '2019-05-12 13:40:26', '0000-00-00 00:00:00', '<h4>Tên sản phẩm: Máy tính xách tay/ Laptop Lenovo Legion Y530-81FV00STVN (i5-8300H) (Đen)</h4>\r\n<ul>\r\n<li>- CPU: Intel Core i5-8300H ( 2.3 GHz - 4.0 GHz / 8MB / 4 nhân, 8 luồng ) </li>\r\n<li>- Màn hình: 15.6\" IPS ( 1920 x 1080 ) , không cảm ứng </li>\r\n<li>- RAM: 1 x 8GB DDR4 2666MHz </li>\r\n<li>- Đồ họa: Intel UHD Graphics 630 / NVIDIA GeForce GTX 1050 4GB GDDR5 </li>\r\n<li>- Lưu trữ: 128GB SSD M.2 NVMe / 1TB HDD 7200RPM </li>\r\n<li>- Hệ điều hành: Free DOS </li>\r\n<li>- Pin: 3 cell 52 Wh Pin liền , khối lượng: 2.3 kg</li>\r\n</ul>\r\n<h4>Thông tin chi tiết</h4>\r\n<ul>\r\n<li>Với vẻ ngoài thiết kế nhẹ nhàng nhưng đầy sự lôi cuốn, phong cách gaming khiến Lenovo khá chú trọng đến hiệu suất cũng như công năng sử dụng của sản phẩm. Legion Y530 được xem như 1 dòng sản phẩm chinh phục giới gamingtạo ra cuộc cách mạng công nghệ cải tiến cho game thủ trải nghiệm chơi game cấu hình cao trên Laptop. </li>\r\n<li>Vẻ ngoài trang nhã, công nghệ vượt trội chưa đủ để nói về Legion Y530, được gọi là “sức mạnh vô song” bởi được trang bị cho mình ngoài chip độ họa thông thường, Legio Y530 còn hỗ trợ card đồ họa “siêu khủng” đưa người dùng vào 1 thế giới chơi game với chất lượng còn hơn cả PC. Được thiết kế để đáp ứng cả những ứng dụng trong tương lai, chip đời thứ 8 đến từ Intel cung cấp sức mạnh mẽ, bền bỉ giúp bạn không lỗi thời khi mà công nghệ đang phát triển từng ngày. Hiệu suất được xem như là yếu tốt quan trọng nhất đến với người dùng, game thủ hay kể cả người làm việc bởi thời gian rất quan trọng với mỗi người, sử dụng ổ cứng SSD để khắc phục độ trễ mà ổ cứng HDD gặp phải, bên cạnh đó Lenovo Legion ngoài sử dụng ổ cứng SSD để tăng tốc độ xử lý còn sử dụng 2TB dung lượng đến từ HDD giúp người dùng thoải mái trong việc lưu dữ liệu và bổ sung thêm nhiều game để trải nghiệm những lúc giải trí vui vẻ. </li>\r\n<li>Để khẳng định về 1 tầm cao mới trong thế giới gaming, Lenovo Legion rất biết làm hài lòng người dùng với bộ tản nhiệt sử dụng hế thống quạt kép cùng hiệu ứng ánh sáng thu hút mọi ánh nhìn, đặc biệt về đêm mọi người xung quanh sẽ phải trầm trồ kinh ngạc về sự nổi bật của bạn. Những người khó tính nhất cũng bị chinh phục bởi dàn âm thanh vòm Dolby Atmos được Legion trang bị. Hiệu ứng ánh sáng đến từ bàn phím Backlit RGB theo công nghệ của Corsair giúp người dùng trải nghiệm đổi màu sắc tinh tế, sang trọng. </li>\r\n</ul>\r\n', 2, 'lenovo_1'),
(69, '3.	Laptop Lenovo Legion Y530-81FV008LVN (15.6\"/i7-8750H 2.2 GHz - 4.1 GHz/8GB RAM/16GB Optane + 2TB HDD/NVIDIA GeForce GTX 1050Ti 4GB/Windows 10 Home SL 64-bit/2.3kg)', '', 14000000, 0, 0, '0000-00-00', '0000-00-00', 0, '2019-05-12 13:40:28', '0000-00-00 00:00:00', '<h4>Tên sản phẩm: Máy tính xách tay/ Laptop Lenovo Legion Y530-81FV008LVN (i7-8750H) (Đen)</h4>\r\n<ul>\r\n<li>- CPU: Intel Core i7-8750H ( 2.2 GHz - 4.1 GHz / 9MB / 6 nhân, 12 luồng ) </li>\r\n<li>- Màn hình: 15.6\" IPS ( 1920 x 1080 ) , không cảm ứng </li>\r\n<li>- RAM: 1 x 8GB DDR4 2666MHz </li>\r\n<li>- Đồ họa: Intel UHD Graphics 630 / NVIDIA GeForce GTX 1050Ti 4GB GDDR5 </li>\r\n<li>- Lưu trữ: 16GB M.2 Intel Optane Memory / 2TB HDD 5400RPM </li>\r\n<li>- Hệ điều hành: Windows 10 Home SL 64-bit </li>\r\n<li>- Pin: 3 cell 52 Wh Pin liền , khối lượng: 2.3 kg</li>\r\n</ul>\r\n', 3, 'lenovo_1'),
(70, '4.	Laptop Lenovo Legion Y730-81HD003KVN (15.6\"/i7-8750H 2.2 GHz - 4.1 GHz/16GB RAM/256GB SSD + 2TB HDD/NVIDIA GeForce GTX 1050Ti 4GB/Free DOS/2.2kg)', '', 25000000, 0, 0, '0000-00-00', '0000-00-00', 0, '2019-05-12 13:40:31', '0000-00-00 00:00:00', '<h4>Tên sản phẩm: Máy tính xách tay/ Laptop Lenovo Legion Y730-81HD003KVN (i7-8750H)</h4>\r\n<ul>\r\n<li>- CPU: Intel Core i7-8750H ( 2.2 GHz - 4.1 GHz / 9MB / 6 nhân, 12 luồng ) </li>\r\n<li>- Màn hình: 15.6\" IPS ( 1920 x 1080 ) , không cảm ứng </li>\r\n<li>- RAM: 1 x 16GB DDR4 2666MHz </li>\r\n<li>- Đồ họa: Intel UHD Graphics 630 / NVIDIA GeForce GTX 1050Ti 4GB GDDR5 </li>\r\n<li>- Lưu trữ: 256GB SSD M.2 NVMe / 2TB HDD 5400RPM </li>\r\n<li>- Hệ điều hành: Free DOS </li>\r\n<li>- Pin: 3 cell 57 Wh Pin liền , khối lượng: 2.2 kg</li>\r\n</ul>\r\n<h4>Thông tin chi tiết</h4>\r\n<ul>\r\n<li>Với vẻ ngoài thiết kế nhẹ nhàng nhưng đầy sự lôi cuốn, phong cách gaming khiến Lenovo khá chú trọng đến hiệu suất cũng như công năng sử dụng của sản phẩm. Legion Y730-81HD003KVN được xem như 1 dòng sản phẩm chinh phục giới gaming tạo ra cuộc cách mạng công nghệ cải tiến cho game thủ trải nghiệm chơi game cấu hình cao trên Laptop. </li>\r\n<li>Vẻ ngoài trang nhã, công nghệ vượt trội chưa đủ để nói về Legion Y730-81HD003KVN, được gọi là “sức mạnh vô song” bởi được trang bị cho mình ngoài chip độ họa thông thường, Legion Y730-81HD003KVN còn hỗ trợ card đồ họa“siêu khủng” đưa người dùng vào 1 thế giới chơi game với chất lượng còn hơn cả PC. Được thiết kế để đáp ứng cả những ứng dụng trong tương lai, chip đời thứ 8 đến từ Intel cung cấp sức mạnh bền bỉ giúp bạn không lỗi thời khi mà công nghệ đang phát triển từng ngày. </li>\r\n<li>Hiệu suất được xem như là yếu tốt quan trọng nhất đến với người dùng, game thủ hay kể cả người làm việc bởi thời gian rất quan trọng với mỗi người, sử dụng ổ cứng SSD để khắc phục độ trễ mà ổ cứng HDD gặp phải, bên cạnh đó Lenovo Legion ngoài sử dụng ổ cứng SSD để tăng tốc độ xử lý còn sử dụng 2TB dung lượng đến từ HDD giúp người dùng thoải mái trong việc lưu dữ liệu và bổ sung thêm nhiều game để trải nghiệm những lúc giải trí vui vẻ. <li>\r\n</ul>\r\n', 4, 'lenovo_1'),
(71, 'Laptop Lenovo ThinkPad L380-20M5S01E00', '', 18000000, 0, 0, '0000-00-00', '0000-00-00', 0, '2019-05-12 13:40:40', '0000-00-00 00:00:00', '<h4>Tên sản phẩm: Máy tính xách tay/ Laptop Lenovo Thinkpad L380-20M5S01E00 (I7-8550U) (Đen)</h4>\r\n<ul>\r\n<li>- CPU: Intel Core i7-8550U ( 1.8 GHz - 4.0 GHz / 8MB / 4 nhân, 8 luồng ) </li>\r\n<li>- Màn hình: 13.3\" IPS ( 1920 x 1080 ) , không cảm ứng </li>\r\n<li>- RAM: 1 x 8GB DDR4 2400MHz </li>\r\n<li>- Đồ họa: Intel UHD Graphics 620 </li>\r\n<li>- Lưu trữ: 256GB SSD M.2 SATA </li>\r\n<li>- Hệ điều hành: Free DOS </li>\r\n<li>- Pin: 3 cell 45 Wh Pin liền , khối lượng: 1.5 kg</li>\r\n</ul>\r\n<h4>Thông tin chi tiết</h4>\r\n<ul>\r\n<li>Trung thành với lối thiết kế \"nồi đồng cối đá\" của các laptop ThinkPad từ trước đến nay, chiếc ThinkPad L380 vẫn sở hữu ngoại hình vuông vức, chắc chắn và cứng cáp, có phần nam tính, đúng chất của một cỗ máy chuyên dụng cho công việc. Bên cạnh màu đen nhám phủ nhung dạng soft touch truyền thống, máy có thêm tùy chọn màu xám bạc với lớp vỏ kim loại khá bắt mắt, tạo được nét mới lạ, sang trọng cho dòng sản phẩm đã có hơn 25 năm tuổi đời này. </li>\r\n<li>Khả năng kết nối trên L380 tương đối phong phú với 2 cổng USB 3.1 Gen 1 Type A truyền thống (1 cổng dạng luôn thức - Always On - hỗ trợ sạc cho các thiết bị ngoại vi kể cả khi tắt máy), 1 cổng HDMI 1.4, 1 cổng combo tai nghe/ mic. Đáng chú ý khi máy có tới 2 cổng USB 3.1 Gen 1 Type-C, trong đó 1 cổng kiêm luôn nhiệm vụ cắm sạc và cả 2 đều hỗ trợ xuất hình ảnh, truyền dữ liệu, truyền điện theo chuẩn Power Delivery nên có thể cắm cả các loại pin sạc dự phòng tương thích. </li>\r\n</ul>\r\n', 1, 'lenovo_2'),
(72, 'Laptop Lenovo ThinkPad T480s-20L7S00T00 (14\"/i5-8250U 1.6 GHz - 3.4 GHz/8GB RAM/256GB SSD/Intel UHD Graphics 620/1.3kg)', '', 20000000, 0, 0, '0000-00-00', '0000-00-00', 0, '2019-05-12 13:40:43', '0000-00-00 00:00:00', '<h4>Tên sản phẩm: Máy tính xách tay/ Laptop Lenovo Thinkpad T480s-20L7S00T00 (I5-8250U) (Đen)</h4>\r\n<ul>\r\n<li>- CPU: Intel Core i5-8250U ( 1.6 GHz - 3.4 GHz / 6MB / 4 nhân, 8 luồng ) </li>\r\n<li>- Màn hình: 14\" IPS ( 1920 x 1080 ) , không cảm ứng </li>\r\n<li>- RAM: 8GB Onboard DDR4 2400MHz</li> \r\n<li>- Đồ họa: Intel UHD Graphics 620 </li>\r\n<li>- Lưu trữ: 256GB S-SD M.2 NVMe </li>\r\n<li>- Hệ điều hành: </li>\r\n<li>- Pin: 3 cell 57 Wh Pin liền , khối lượng: 1.3 kg</li>\r\n</ul>\r\n<h4>Thông tin chi tiết </h4>\r\n<ul>\r\n<li>Làm đẹp làm sáng hơn: Thiết kế mỏng mờ giúp bạn thêm không gian màn hình cho những hình ảnh tuyệt đẹp, trong khi màn hình cảm ứng Full HD IPS cho phép bạn xem màn hình từ nhiều góc độ khác nhau mà không ảnh hưởng đến chất lượng hình ảnh. Ngoài ra, một bảng điều khiển 300-nit sáng rõ ràng làm việc ở ngoài trời dễ dàng hơn và luồng thú vị hơn. </li>\r\n<li>Waves MaxxAudio® Pro cung cấp âm thanh chuyên nghiệp, hoàn thành trải nghiệm nhập vai của bạn. Nó tự động điều chỉnh âm thanh của bạn với độ cao rõ nét hơn, tăng âm trầm và tăng âm lượng để mọi thứ mà bạn nghe đều chính xác theo cách của nó. </li>\r\n<li>Đa tác vụ được thực hiện dễ dàng hơn: Bộ nhớ DDR4 8GB có nghĩa là băng thông lớn hơn và thời gian tải nhanh hơn. Ngoài ra, việc chuyển đổi giữa các ứng dụng rất đơn giản, thậm chí trong khi chạy nhiều chương trình đồng thời. </li>\r\n</ul>\r\n', 2, 'lenovo_2'),
(73, 'Laptop Lenovo ThinkPad x280-20KFS01900 (12.5\"/i5-8250U 1.6 GHz - 3.4 GHz/8GB RAM/256GB SSD/Intel UHD Graphics 620/1.3kg)', '', 21000000, 0, 0, '0000-00-00', '0000-00-00', 0, '2019-05-12 13:40:46', '0000-00-00 00:00:00', '<h4>Tên sản phẩm: Máy tính xách tay/ Laptop Lenovo Thinkpad x280-20KFS01900 (I5-8250U) (Xám)</h4>\r\n<ul>\r\n<li>- CPU: Intel Core i5-8250U ( 1.6 GHz - 3.4 GHz / 6MB / 4 nhân, 8 luồng ) \r\n<li>- Màn hình: 12.5\" IPS ( 1920 x 1080 ) , không cảm ứng \r\n<li>- RAM: 8GB Onboard DDR4 2400MHz \r\n<li>- Đồ họa: Intel UHD Graphics 620 \r\n<li>- Lưu trữ: 256GB SSD M.2 NVMe \r\n<li>- Hệ điều hành: \r\n<li>- Pin: 6 cell 48 Wh Pin liền , khối lượng: 1.3 kg</li>\r\n</ul>\r\n<h4></h4>\r\n<ul>\r\n<li>Được khoác lên tấm áo màu xanh tím trang nhã, Acer Swift 5 càng thể hiện rõ sự cạnh tranh sòng phẳng với AsusZenbook 14 cũng có màu sắc, kiểu dáng ultrabook và phân khúc giá thành tương đương. Và dựa trên những đặc điểm cơ bản trên, có vẻ như Acer đang thắng thế trong cuộc đua này với tập đoàn công nghệ điện tử đồng hương trong cuộc đua này khi có kích thước, khối lượng phù hợp hơn với danh hiệu ultrabook siêu di động toàn năng. </li>\r\n<li>Với khối lượng chưa tới 1kg, Acer Swift 5 SF514 là một chiếc máy tính nhẹ tới mức khó tin và cạnh tranh sòng phẳng với LG Gram cho danh hiệu laptop nhẹ nhất thế giới. Với cân nặng như vậy, kể cả khi được trải nghiệm trực tiếp trên tay, không thể tránh khỏi nhầm lẫn Acer Swift 5 với một mô hình sản phẩm không có khả năng hoạt động. Thừa hưởng tất cả công nghệ tối ưu của Swift 5 trước đó nhưng lại mỏng chỉ 14,9 mm và nhẹ chỉ 970 gram, tương đương với 2 chiếc Iphone 8 plus chồng lên nhau.Thiết kế hoàn hảo cho việc di chuyển trong mọi tình huống. Để làm được điều này, Acer đã đưa sử dụng hợp kim Magie và Liti, kim loại nhẹ nhất thế giới để chế tạo vỏ máy, từ đó tăng tính mỏng nhẹ nhưng vẫn đảm bảo độ bền tối đa. Bề mặt đáy cấu trúc kim loại cũng làm cho máy chắc chắn hơn. Chất liệu làm nên Acer Swift 5 SF514 cũng giúp cho ngoại hình của nó luôn luôn được giữ được sự sạch sẽ quý phái bởi kết cấu bề mặt matte hơi sần. </li>\r\n</ul>\r\n', 3, 'lenovo_2'),
(74, '4.	Laptop Lenovo ThinkPad L580-20LWS00C00 (15.6\"/i5-8250U 1.6 GHz - 3.4 GHz/8GB RAM/1TB HDD/AMD Radeon 530 2GB/Free DOS/2.1kg)', '', 20000000, 0, 0, '0000-00-00', '0000-00-00', 0, '2019-05-12 13:40:50', '0000-00-00 00:00:00', '<h4>Tên sản phẩm: Máy tính xách tay/ Laptop Lenovo Thinkpad L580-20LWS00C00 (I5-8250U) (Đen)</h4>\r\n<ul>\r\n<li>- CPU: Intel Core i5-8250U ( 1.6 GHz - 3.4 GHz / 6MB / 4 nhân, 8 luồng ) </li>\r\n<li>- Màn hình: 15.6\" ( 1920 x 1080 ) , không cảm ứng </li>\r\n<li>- RAM: 1 x 8GB DDR4 2400MHz </li>\r\n<li>- Đồ họa: Intel UHD Graphics 620 / AMD Radeon 530 2GB GDDR5 </li>\r\n<li>- Lưu trữ: 1TB HDD 5400RPM</li> \r\n<li>- Hệ điều hành: Free DOS </li>\r\n<li>- Pin: 3 cell 45 Wh Pin liền , khối lượng: 2.1 kg</li>\r\n</ul>\r\n<h4>Thông tin chi tiết</h4>\r\n<ul>\r\n<li>Bạn làm việc chăm chỉ để hoàn thành công việc, bất kể công việc đưa bạn đến đâu. Và với sự linh hoạt, sức mạnh và tính di động sẵn sàng di chuyển trên những chặng đường công tác dài ngày, liệu có công cụ, một đối tác kinh doanh nào hoàn hảo hơn Lenovo Thinkpad L580-20LWS00C00 dành cho bạn? </li>\r\n<li>Nhân viên CNTT của bạn sẽ yên tâm với đầu đọc dấu vân tay cảm ứng, biết rằng chúng mang lại cho Lenovo Thinkpad L580-20LWS00C00 sự bảo mật cao hơn.  Được thiết kế lại hoàn toàn cho năng suất, có nghĩa là IT sẽ không phải phải lắng nghe những lời phàn nàn về một chiếc laptop chậm. Card đồ họa rời giúp người dùng có khả năng làm nhiều hơn mà không tạo nên nhiều áp lực lên CPU. Và tính di động của nó được tăng cường nhờ LTE-A WWAN toàn cầu, cung cấp nhiều kết nối hơn ở những nơi xa xôi. Chức năng RapidCharge, cho phép người dùng có thể sạc tới 80% chỉ trong một giờ. L580 sẽ giúp nhân viên của bạn làm việc dễ dàng hơn và năng suất hơn. </li>\r\n</ul>\r\n', 4, 'lenovo_2'),
(75, '5.	Laptop Lenovo ThinkPad E480-20KN005GVA (14\"/i5-8250U 1.6 GHz - 3.4 GHz/4GB RAM/1TB HDD/Intel UHD Graphics 620/Free DOS/1.7kg)', '', 25000000, 0, 0, '0000-00-00', '0000-00-00', 0, '2019-05-12 13:40:53', '0000-00-00 00:00:00', '<h4>Tên sản phẩm: Máy tính xách tay/ Laptop Lenovo Thinkpad E480-20KN005GVA (I5-8250U) (Đen)</h4>\r\n<ul>\r\n<li>- CPU: Intel Core i5-8250U ( 1.6 GHz - 3.4 GHz / 6MB / 4 nhân, 8 luồng ) </li>\r\n<li>- Màn hình: 14\" ( 1366 x 768 ) , không cảm ứng </li>\r\n<li>- RAM: 1 x 4GB DDR4 2400MHz </li>\r\n<li>- Đồ họa: Intel UHD Graphics 620</li> \r\n<li>- Lưu trữ: 1TB HDD 5400RPM </li>\r\n<li>- Hệ điều hành: Free DOS </li>\r\n<li>- Pin: 3 cell 45 Wh , khối lượng: 1.7 kg</li>\r\n</ul>\r\n<h4>Thông tin chi tiết</h4>\r\n<ul>\r\n<li>Nếu như dòng Thinkpad T của Lenovo được định hướng tới phân khúc giá cao cấp thì Thinkpad E lại là dòng giá rẻ nhưng vẫn giữ cấu hình tốt cũng như thiết kế đậm chất của dòng Thinkpad. Thinkpad E480 là mẫu máy mới nhất trong dòng này và có khá nhiều điều nổi bật trong phân khúc tầm trung. </li>\r\n<li>Thinkpad E480 vẫn có thiết kế truyền thống của hãng. Toàn bộ vỏ máy được làm từ hợp kim chắc chắn và dạt chuẩn quân đội Mỹ về chống va đập. Mặt trên của máy là một tấm kim loại nguyên khối có duy nhất logo Thinkpad được đặt nghiêng ở góc trái bên trên. Bên cạnh đáy máy cũng là một miếng kim loại được khoét các lỗ cho khả năng lưu thông khí cao hơn. </li>\r\n<li>Bản lề của máy cho cảm giác đóng mở rất trơn tru và chắc chắn. Do đó bạn hoàn toàn có thể mở máy bằng một tay. Góc mở cũng rất rộng lên tới 180 độ. </li>\r\n</ul>\r\n', 5, 'lenovo_2'),
(76, '6.	Laptop Lenovo ThinkPad E580-20KS005NVA (15.6\"/i5-8250U 1.6 GHz - 3.4 GHz/4GB RAM/1TB HDD/Intel UHD Graphics 620/Free DOS/2.1kg)', '', 15000000, 0, 0, '0000-00-00', '0000-00-00', 0, '2019-05-12 13:40:56', '0000-00-00 00:00:00', '<h4>Tên sản phẩm: Máy tính xách tay/ Laptop Lenovo Thinkpad E580-20KS005NVA (I5-8250U) (Đen)</h4>\r\n<ul>\r\n<li>- CPU: Intel Core i5-8250U ( 1.6 GHz - 3.4 GHz / 6MB / 4 nhân, 8 luồng ) </li>\r\n<li>- Màn hình: 15.6\" ( 1366 x 768 ) , không cảm ứng </li>\r\n<li>- RAM: 1 x 4GB DDR4 2400MHz </li>\r\n<li>- Đồ họa: Intel UHD Graphics 620 </li>\r\n<li>- Lưu trữ: 1TB HDD 5400RPM </li>\r\n<li>- Hệ điều hành: Free DOS </li>\r\n<li>- Pin: 3 cell 45 Wh Pin liền , khối lượng: 2.1 kg</li>\r\n</ul>\r\n<h4>Thông tin chi tiết</h4>\r\n<ul>\r\n<li>Laptop Lenovo Thinkpad E580-20KS005NVA được thiết kế bởi Lenovo – 1 tập đoàn đa quốc gia chuyên về thiết kế, phát triển, sản xuất và bán các sản phẩm công nghệ như laptop, máy tính bảng, smartphone, các trạm máy tính, server được thành lập vào năm 1984 tại Bắc Kinh, Trung Quốc – mang đến cho người dùng 1 công cụ hỗ trợ đắc lực trong công việc cũng như trong cuộc sống. </li>\r\n<li>Laptop Lenovo Thinkpad E580-20KS005NVA thuộc dòng E Series của Lenovo được thiết kế để nhằm vào đối tượng doanh nhân hoặc lập trình viên IT, dòng sản phẩm Thinkpad đầu tiên với nhiều mẫu mã  và tính năng phục vụ cho công việc của người dùng. Với thiết kế màn hình 15,6 inch độ phân giải HD 1366 x 768 cho độ nét tiêu chuẩn tương ứng với kích thước màn hình. </li>\r\n</ul>\r\n', 6, 'lenovo_2'),
(77, '1.	Laptop Lenovo Ideapad 130-15IKB 81H7007JVN (15.6\" /i5-8250U 1.6 GHz - 3.4 GHz/4GB RAM/1TB HDD/Intel UHD Graphics 620/Free DOS/2.1kg)', '', 19000000, 0, 0, '0000-00-00', '0000-00-00', 0, '2019-05-12 13:40:59', '0000-00-00 00:00:00', '<h4>Tên sản phẩm: Máy tính xách tay/ Laptop Lenovo Ideapad 130-15IKB 81H7007JVN (i5-8250U)</h4>\r\n<ul>\r\n<li>- CPU: Intel Core i5-8250U ( 1.6 GHz - 3.4 GHz / 6MB / 4 nhân, 8 luồng ) </li>\r\n<li>- Màn hình: 15.6\" ( 1366 x 768 ) , không cảm ứng </li>\r\n<li>- RAM: 1 x 4GB Onboard DDR4 2400MHz </li>\r\n<li>- Đồ họa: Intel UHD Graphics 620</li> \r\n<li>- Lưu trữ: 1TB HDD 5400RPM </li>\r\n<li>- Hệ điều hành: Free DOS </li>\r\n<li>- Pin: 2 cell 30 Wh Pin liền , khối lượng: 2.1 kg</li>\r\n</ul>\r\n<h4>Thông tin chi tiết</h4>\r\n<ul>\r\n<li>CPU: Intel Core i5-8250U thuộc thế hệ thứ 8 của dòng i5 với 4 nhân,8 luồng  chịu được mức độ xung nhịp 1.6 GHz – 3.4 GHz.Đáp ứng các nhu cầu tác vụ của người dùng, cũng như giải quyết vấn đề chạy các ứng dụng nền và ứng dụngsong song. </li>\r\n<li>RAM: 4GB Onboard DDR4 2400MHz sử dụng cho mình 1 chiếc ram có dung lượng 4GB, Tuy không phải loại cao cấp nhất nhưng với 4GB người sử dụng có thể thoải mái sử dụng các chương trình làm việc hiện nay như Adobe Photoshop, Adobe After Effect,.. Bên cạnh đó người dùng Laptop Lenovo Ideapad 130 có thể chơi những game cần cấu hình cao xem như không còn là xa vời. DDR4 được xem như là sự nâng cấp từ DDR3. DDR4 được ra mắt với hiệu năng làm việc cao hơn , tiêu thụ ít điện năng hơn bên cạnh 1 vài chức năng khác của được nâng cấp và cải tiến. Giảm thiểu 40% điện năng, sở hữu tính năng kiểm tra phần dư tuần hoàn (CRC) để thực thi nhiệm vụ kiểm tra đường truyền và giải quyết mang lại tính an toàn của dữ liệu, phát hiện tính chẵn lẻ trên chip nhằm xác thực tính toàn vẹn của dữ liệu, bên cạnh đó còn thực hiện 1 vài tính năng RAS mạnh mẽ khác. Ngoài ra DDR4 cải thiện về mặt thiết kế sắp xếp và phân luồng rõ hàng các modun. Modun của DDR4 dày hơn của DDR3 để có thể chứa được nhiều lớp tín hiệu hơn, cùng với dung lượng DIMM lớn hơn khi của DDR3 chỉ có 512MB-8GB còn DDR4 lên tới 4GB-16GB. Ngoài ra, 1 ưu điểm được người mua hàng quan tâm đến chính là khả năng hỗ trợ thêm 1 khe cắm đáp ứng dung lượng tối đa 12 GB. </li>\r\n</ul>\r\n', 1, 'lenovo_3'),
(78, '2.	Laptop Lenovo Ideapad 330-14AST 81D5002CVN (14\"/A9-9125 2.3 GHz - 2.6 GHz/4GB RAM/500GB HDD/AMD Radeon R3 Graphics/Windows 10 Home SL 64-bit/2.1kg)', '', 21000000, 0, 0, '0000-00-00', '0000-00-00', 0, '2019-05-12 13:41:01', '0000-00-00 00:00:00', '<h4>Tên sản phẩm: Máy tính xách tay/ Laptop Lenovo Ideapad 330-14AST 81D5002CVN (AMD A4-9125) (Đen)</h4>\r\n<ul>\r\n<li>- CPU: AMD A4-9125 ( 2.3 GHz - 2.6 GHz / 1MB / 2 nhân, 2 luồng ) </li>\r\n<li>- Màn hình: 14\" ( 1366 x 768 ) , không cảm ứng </li>\r\n<li>- RAM: 1 x 4GB DDR4 2666MHz </li>\r\n<li>- Đồ họa: AMD Radeon R3 Graphics</li> \r\n<li>- Lưu trữ: 500GB HDD 5400RPM </li>\r\n<li>- Hệ điều hành: Windows 10 Home SL 64-bit </li>\r\n<li>- Pin: 2 cell 30 Wh Pin liền , khối lượng: 2.1 kg</li>\r\n</ul>\r\n<h4>Thông tin chi tiết</h4>\r\n<ul>\r\n<li>Với 1 chiếc máy tính xách tay giúp bạn triển khai kế hoạch, công việc dễ dàng hơn bên cạnh đó còn là thiết bị giải trí vô cùng thú vị. Hiểu được tầm quan trọng của sự bền bỉ, Lenovo đã thiết kế dòng sản phẩm Laptop Ideapad 330 với lớp bảo vệ an toàn, chắc chắn giảm khả năng mài mòn của thời gian cũng như những tình huống không may của người sử dụng. Với những miếng đệm mút cao su bên dưới 1 phần giúp tạo độ thông thoáng cho cho Lenovo Ideapad, 1 phần lại kéo dài tuổi thọ giúp “khoản đầu tư” của người dùng có thể sử dụng được lâu hơn. </li>\r\n<li>Lựa chọn thông số kĩ thuật cho mình để có thể đáp ứng công việc, với phiên bản chip Intel Core I mới nhất hoặc AMD cao cấp, cùng với sự lựa chọn cài đặt card đồ họa rời đến từ AMD và NVIDIA  giúp trải nghiệm của người dùng được tốt hơn rất nhiều với khả năng chơi game cấu hình cao, chạy đa nhiệm các chương trình mượt mà,giải trí ưu việt. Sử dụng sạc nhanh giúp người dùng tận dụng tối đa thời gian, tiết kiệm thời gian đối với trường hợp đi du lịch, đi thuyết trình,cắm trại,... Ngoài ra, bộ nhớ lưu trữ của Ideapad 330 cũng rất lớn,mang lại cho người dùng được trải nghiệm cả 1 kho dữ liệu, rất thiếu yếu đối với đối tượng như là doanh nhân khi đối mặt với lượng thông tin vô cùng lớn từ công việc. Bổ sung thêm game, phim ảnh, âm nhạc tăng thêm phần thú vị cho những giây phút giải trí của người dùng khi không phải lo vì đầy bộ nhớ bởi sự phong phú đến từ dung lượng lớn của ổ HDD. </li>\r\n</ul>\r\n', 2, 'lenovo_3'),
(79, '3.	Laptop Lenovo Ideapad 330-14IKBR (81G2007AVN) (14\"/i5-8250U 1.6 GHz - 3.4 GHz/4GB RAM/1TB HDD/Intel UHD Graphics 620/Free DOS/1.7kg)', '', 23000000, 0, 0, '0000-00-00', '0000-00-00', 0, '2019-05-12 13:41:40', '0000-00-00 00:00:00', '<h4>Tên sản phẩm: Máy tính xách tay/ Laptop Lenovo Ideapad 330-14IKBR (81G2007AVN) (i5-8250U) (Đen)</h4>\r\n<ul>\r\n<li>- CPU: Intel Core i5-8250U ( 1.6 GHz - 3.4 GHz / 6MB / 4 nhân, 8 luồng ) </li>\r\n<li>- Màn hình: 14\" ( 1920 x 1080 ) , không cảm ứng </li>\r\n<li>- RAM: 1 x 4GB Onboard DDR4 2133MHz </li>\r\n<li>- Đồ họa: Intel UHD Graphics 620</li> \r\n<li>- Lưu trữ: 1TB HDD 5400RPM</li> \r\n<li>- Hệ điều hành: Free DOS </li>\r\n<li>- Pin: 2 cell 30 Wh Pin liền , khối lượng: 1.7 kg</li>\r\n</ul>\r\n<h4>Thông tin chi tiết</h4>\r\n<ul>\r\n<li>Lenovo Ideapad là dòng laptop của Lenovo hướng tới đối tượng khách hàng là người dùng phổ thông hoặc các doanh nghiệp nhỏ. Thiết kế của Ideapad rất đa dạng, cấu hình máy cũng đa dạng theo thời gian. </li>\r\n<li>Dòng V của Ideapad được định hướng thích hợp với nhu cầu như các doanh nghiệp nhỏ do thường được trang bị bảo mật vân tay phục vụ bảo vệ dữ liệu. Tuy nhiên Lenovo Ideapad 330-14IKBR (81G2007AVN) lại không được trang bị, do đó đối tượng thích hợp hơn cả là người dùng phổ thông. </li>\r\n<li>Máy có sẵn 1 RAM dung lượng 4GB cố định vào mainboard đủ phục vụ các nhu cầu cơ bản, đơn giản của người dùng. Tuy nhiên nếu người dùng có nhu cầu mở rộng dung lượng bộ nhớ tạm, máy cũng sẵn sàng thêm 1 khe RAM trống để lắp thêm RAM (tối đa 8GB, tổng tối đa 12GB). </li>\r\n</ul>\r\n', 3, 'lenovo_3'),
(80, '4.	Laptop Lenovo Ideapad V330-15IKB (81AX00MCVN) (15.6\"/i5-8250U 1.6 GHz - 3.4 GHz/4GB RAM/1TB HDD/Intel UHD Graphics 620/Free DOS/1.8kg)', '', 15000000, 0, 0, '0000-00-00', '0000-00-00', 0, '2019-05-12 13:41:42', '0000-00-00 00:00:00', '<h4>Tên sản phẩm: Máy tính xách tay/ Laptop Lenovo V330-15IKB (81AX00MCVN) (Xám)</h4>\r\n<ul>\r\n<li>- CPU: Intel Core i5-8250U ( 1.6 GHz - 3.4 GHz / 6MB / 4 nhân, 8 luồng ) </li>\r\n<li>- Màn hình: 15.6\" ( 1366 x 768 ) , không cảm ứng </li>\r\n<li>- RAM: 1 x 4GB Onboard DDR4 2400MHz </li>\r\n<li>- Đồ họa: Intel UHD Graphics 620</li> \r\n<li>- Lưu trữ: 1TB HDD 5400RPM </li>\r\n<li>- Hệ điều hành: Free DOS </li>\r\n<li>- Pin: 2 cell 30 Wh Pin liền , khối lượng: 1.8 kg</li>\r\n</ul>\r\n<h4>Thông tin chi tiết</h4>\r\n<ul>\r\n<li>Lenovo Ideapad là dòng laptop của Lenovo hướng tới đối tượng khách hàng là người dùng phổ thông hoặc các doanh nghiệp nhỏ. Thiết kế của Ideapad rất đa dạng, cấu hình máy cũng đa dạng theo thời gian. </li>\r\n<li>Dòng V của Ideapad được định hướng thích hợp với nhu cầu như các doanh nghiệp nhỏ do được trang bị bảo mật vân tay phục vụ bảo vệ dữ liệu. Lenovo Ideapad V330-15IKB (81AX00MCVN) là một trong những laptop dòng V như vậy, có ngoại hình đơn giản và chắc chắn, cùng với phiên bản màu xám mang nhiều màu sắc doanh nhân. </li>\r\n<li>Là loại CPU thuộc dòng U tiết kiệm điện của thế hệ Kaby Lake Refresh cho xung nhịp thấp như các chip dòng U truyền thống nhưng mức xung turbo boost được đẩy lên khá cao để tải đa tác vụ hoặc những tác vụ nặng. Cùng với bộ nhớ đệm lên tới 6MB và 4 nhân 8 luồng xử lý, CPU này có sức mạnh đáp ứng đầy đủ nhu cầu trung cấp của người dùng. </li>\r\n</ul>\r\n', 4, 'lenovo_3');
INSERT INTO `products` (`id`, `name`, `img`, `cost`, `quantity`, `size`, `start_discount`, `end_discount`, `discount`, `created_at`, `updated_at`, `description`, `id_type`, `id_product`) VALUES
(81, '5.	Laptop Lenovo Ideapad 330-15KBR 81DE0278VN (15.6\" /i3-8130U 2.2 GHz - 3.4 GHz/4GB RAM/1TB HDD/Intel UHD Graphics 620/Free DOS/2.2kg)', '', 21000000, 0, 0, '0000-00-00', '0000-00-00', 0, '2019-05-12 13:41:47', '0000-00-00 00:00:00', '<h4>Tên sản phẩm: Máy tính xách tay/ Laptop Lenovo Ideapad 330-15KBR 81DE0278VN (i3-8130U)</h4>\r\n<ul>\r\n<li>- CPU: Intel Core i3-8130U ( 2.2 GHz - 3.4 GHz / 4MB / 2 nhân, 4 luồng ) </li>\r\n<li>- Màn hình: 15.6\" ( 1366 x 768 ) , không cảm ứng </li>\r\n<li>- RAM: 1 x 4GB Onboard DDR4 2133MHz </li>\r\n<li>- Đồ họa: Intel UHD Graphics 620</li> \r\n<li>- Lưu trữ: 1TB HDD 5400RPM</li> \r\n<li>- Hệ điều hành: Free DOS </li>\r\n<li>- Pin: 2 cell 30 Wh Pin liền , khối lượng: 2.2 kg</li>\r\n</ul>\r\n<h4>Thông tin chi tiết</h4>\r\n<ul>\r\n<li>Với 1 chiếc máy tính xách tay giúp bạn triển khai kế hoạch, công việc dễ dàng hơn bên cạnh đó còn là thiết bị giải trí vô cùng thú vị. Hiểu được tầm quan trọng của sự bền bỉ, Lenovo đã thiết kế dòng sản phẩm Laptop Ideapad 330 với lớp bảo vệ an toàn, chắc chắn giảm khả năng mài mòn của thời gian cũng như những tình huống không may của người sử dụng. Với những miếng đệm mút cao su bên dưới 1 phần giúp tạo độ thông thoáng cho cho Lenovo Ideapad, 1 phần lại kéo dài tuổi thọ giúp “khoản đầu tư” của người dùng có thể sử dụng được lâu hơn. Lựa chọn thông số kĩ thuật cho mình để có thể đáp ứng công việc, với phiên bản chip Intel Core I mới nhất, cùng với sự lựa chọn cài đặt card đồ họa rời đến từ AMD và NVIDIA  giúp trải nghiệm của người dùng được tốt hơn rất nhiều với khả năng chơi game cấu hình cao, chạy đa nhiệm các chương trình mượt mà, giải trí ưu việt. Sử dụng sạc nhanh giúp người dùng tận dụng tối đa thời gian, tiết kiệm thời gian đối với trường hợp đi du lịch, đi thuyết trình,cắm trại,… </li>\r\n<li>Ngoài ra, bộ nhớ lưu trữ của Ideapad 330 cũng rất lớn,mang lại cho người dùng được trải nghiệm cả 1 kho dữ liệu, rất thiếu yếu đối với đối tượng như là doanh nhân khi đối mặt với lượng thông tin vô cùng lớn từ công việc. Bổ sung thêm game, phim ảnh, âm nhạc tăng thêm phần thú vị cho những giây phút giải trí của người dùng khi không phải lo vì đầy bộ nhớ bởi sự phong phú đến từ dung lượng lớn của ổ HDD. Nhiều người dùng có chia sẻ về việc tốc độ xử lý không được như ý, Lenovo đã nắm bắt được tâm lý đó và đưa ra sản phẩm Ideapad 330 với khả năng lắp đặt thêm ổ cứngSSD 1 phần giúp tăng tốc độ bật máy, 1 phần giúp tăng tốc độ xử lý cũng như mở ứng dụng mà người sử dụng mong muốn. </li>\r\n\r\n</ul>\r\n', 5, 'lenovo_3'),
(82, '6.	Laptop Lenovo Ideapad 330-15IKBR 81DE01JPVN (15.6\"/i7-8550U 1.8 GHz - 4.0 GHz/4GB RAM/16GB Optane + 1TB HDD/AMD Radeon 530 4GB/Windows 10 Home SL 64-bit/1.9kg)', '', 16000000, 0, 0, '0000-00-00', '0000-00-00', 0, '2019-05-12 13:42:10', '0000-00-00 00:00:00', '<h4>Tên sản phẩm: Máy tính xách tay/ Laptop Lenovo Ideapad 330-15IKBR 81DE01JPVN (i7-8550U) (Đen)</h4>\r\n<ul>\r\n<li>- CPU: Intel Core i7-8550U ( 1.8 GHz - 4.0 GHz / 8MB / 4 nhân, 8 luồng ) </li>\r\n<li>- Màn hình: 15.6\" ( 1366 x 768 ) , không cảm ứng </li>\r\n<li>- RAM: 1 x 4GB Onboard DDR4 2133MHz </li>\r\n<li>- Đồ họa: Intel UHD Graphics 620 / AMD Radeon 530 4GB GDDR5</li> \r\n<li>- Lưu trữ: 16GB M.2 Intel Optane Memory / 1TB HDD 5400RPM </li>\r\n<li>- Hệ điều hành: Windows 10 Home SL 64-bit </li>\r\n<li>- Pin: 2 cell 30 Wh Pin liền , khối lượng: 1.9 kg</li>\r\n</ul>\r\n<h4>Thông tin chi tiết</h4>\r\n<ul>\r\n<li>Với 1 chiếc máy tính xách tay giúp bạn triển khai kế hoạch, công việc dễ dàng hơn bên cạnh đó còn là thiết bị giải trí vô cùng thú vị. Hiểu được tầm quan trọng của sự bền bỉ, Lenovo đã thiết kế dòng sản phẩm Laptop Ideâpd 330 với lớp bảo vệ an toàn, chắc chắn giảm khả năng mài mòn của thời gian cũng như những tình huống không may của người sử dụng. </li>\r\n<li>Với những miếng đệm mút cao su bên dưới 1 phần giúp tạo độ thông thoáng cho cho Lenovo Ideapad, 1 phần lại kéo dài tuổi thọ giúp “khoản đầu tư” của người dùng có thể sử dụng được lâu hơn. Lựa chọn thông số kĩ thuật cho mình để có thể đáp ứng công việc, với phiên bản chip Intel Core I mới nhất, cùng với sự lựa chọn cài đặt card đồ họa rời đến từ AMD và NVIDIA  giúp trải nghiệm của người dùng được tốt hơn rất nhiều với khả năng chơi game cấu hình cao, chạy đa nhiệm các chương trình mượt mà,giải trí ưu việt. Sử dụng sạc nhanh giúp người dùng tận dụng tối đa thời gian, tiết kiệm thời gian đối với trường hợp đi du lịch, đi thuyết trình,cắm trại,... Ngoài ra, bộ nhớ lưu trữ của Ideapad 330 cũng rất lớn,mang lại cho người dùng được trải nghiệm cả 1 kho dữ liệu, rất thiếu yếu đối với đối tượng như là doanh nhân khi đối mặt với lượng thông tin vô cùng lớn từ công việc.\r\n</li>\r\n</ul>\r\n', 6, 'lenovo_3'),
(83, 'Laptop Apple MacBook Pro 13.3\" MPXR2 (13.3\"/i5 2.3 GHz/8GB RAM/128GB SSD/Intel Iris Plus Graphics 640/macOS/1.3kg)', '', 33330000, 0, 0, '0000-00-00', '0000-00-00', 0, '2019-05-12 13:42:13', '0000-00-00 00:00:00', '<h4>Tên sản phẩm: Máy tính xách tay/ Laptop MacBook Pro 2017 13.3\" MPXR2 (Bạc)</h4>\r\n<ul>\r\n<li>CPU: Core i5 ( 2.3 GHz)  </li>\r\n<li>Màn hình: 13.3\" ( 2560 x 1600 ) , không cảm ứng </li>\r\n<li>RAM: 8GB </li>\r\n<li>Đồ họa: Intel Iris Plus Graphics 640 </li>\r\n<li>Lưu trữ: 128GB SSD </li>\r\n<li>Hệ điều hành: macOS </li>\r\n<li>Pin: Pin liền , khối lượng: 1.3 kg</li>\r\n</ul>\r\n<h4>Chi tiết sản phẩm</h4>\r\n<ul>\r\n<li>Đầu năm 2017, Apple vừa ra mắt mẫu Macbook Pro 13 inch 128 GB MPXR2 với thiết kế mới, mỏng hơn, nhẹ hơn và tất nhiên là mạnh hơn. Ngoài ra phiên bản 13 inch, trong lần ra mắt này dòng Macbook Pro 2017 còn kèm theo bản 15 inch tất nhiên là với mức giá cao hơn. </li>\r\n<li>Quả thật những Apple Fans không thể cưỡng lại với vẻ đẹp sang chảnh đến từng góc cạnh trong khung nhôm, cùng với gam màu “ space gray” làm phát cuồng các tín đồ Iphone, Ipad... </li>\r\n<li>Apple Macbook Pro 13 inch 128 GB MPXR2 ( 2017 ) sở hữu màn hình retina. </li>\r\n<li>Màn hình retina chất lượng cùng độ phân giải 2560x1600 kết hợp với tấm nền LED sẽ cho chất lượng hiển thị nét đến từng chi tiết, màu đen sâu hơn, màu trắng sáng hơn và độ tương phản cũng đưa hình ảnh trở nên có chiều sâu, thực sự sống động và trung thực. </li>\r\n</ul>\r\n', 1, 'macbook_1'),
(84, 'Laptop Apple MacBook Pro 13.3\" MPXU2 (13.3\"/i5 2.3 GHz/8GB RAM/256GB SSD/Intel HD Graphics/macOS/1.4kg)', '', 38700000, 0, 0, '0000-00-00', '0000-00-00', 0, '2019-05-12 13:42:16', '0000-00-00 00:00:00', '<h4>Tên sản phẩm: Máy tính xách tay/ Laptop MacBook Pro 2017 13.3\" MPXU2 (Bạc)</h4>\r\n<ul>\r\n<li>CPU: Core i5 ( 2.3 GHz) </li>\r\n<li>Màn hình: 13.3\" ( 2560 x 1600 ) , không cảm ứng </li>\r\n<li>RAM: 8GB </li>\r\n<li>Đồ họa: Intel HD Graphics </li>\r\n<li>Lưu trữ: 256GB SSD </li>\r\n<li>Hệ điều hành: macOS </li>\r\n<li>Pin: Pin liền , khối lượng: 1.4 kg</li>\r\n</ul>\r\n<h4>Chi tiết sản phẩm</h4>\r\n<ul>\r\n<li>Chiếc MacBook Pro năm 2017 Apple 13.3 \"MacBook Pro nhanh hơn và mạnh hơn, nhưng mỏng ở mức 0.59\" và nhẹ chỉ với 3 lb. Hệ thống này được trang bị bộ xử lý lõi kép Gen K7 của hãng thứ 7, 2,3 GHz, có tính năng burst tốc độ lên đến 3,6 GHz, trong khi bộ nhớ RAM 8GB 2133 MHz LPDDR3 giúp đảm bảo đa nhiệm trơn tru và cũng cho phép máy tính nhanh chóng truy cập các tập tin và chương trình được sử dụng thường xuyên. </li>\r\n<li>13.3\" IPS màn hình retina có WQXGA 2560 x 1600 độ phân giải màn hình với 227 ppi điểm ảnh mật độ. Nó Đã lãnh đạo đèn rọi từ sau đến với độ sáng tối đa của 500 trứng chấy, và bao gồm ủng hộ gam màu rộng P3. Tích hợp Intel chăng Mống mắt Đồ họa 640 đem lại sắc, hình ảnh rõ ràng, và bạn cũng sẽ có thể vi - đê - ô đầu ra cho màn hình bên ngoài sử dụng Tiếng sét của hệ thống 3 cảng, có đầu ra DisplayPort bản xứ. Một Tiếng sét 3 cảng có thể hỗ trợ một nhiều - bảng 5 K màn hình tại giải quyết cho đến năm 5120 x 2880 tại 60 Hz, hoặc kép 4 K màn hình tại giải quyết cho đến năm 4096 x 2304 tại 60 Hz, mỗi một trong những cái ấy có thể hỗ trợ trên một tỉ màu sắc. </li>\r\n<li>MacBook Pro 13.3 \"gồm có bộ chuyển đổi USB Type-C 61W sử dụng 100-240 VAC ở tốc độ 50-60 Hz, cáp sạc USB Type-C 6,6 \'và tích hợp pin lithium-ion polymer 54.5Wh kéo dài lên đến 10 giờ trước khi nạp là cần thiết -.. hoặc lên đến 30 ngày thời gian chờ hệ điều hành MacOS High Sierra là hệ điều hành được cài đặt.</li>\r\n</ul>\r\n', 2, 'macbook_1'),
(85, 'Laptop Apple MacBook Pro 15\" MR972 (15\"/i7 2.6 GHz/16GB RAM/512GB SSD/AMD Radeon Pro 560 4GB/macOS/kg)', '', 69800000, 0, 0, '0000-00-00', '0000-00-00', 0, '2019-05-12 13:42:20', '0000-00-00 00:00:00', '<h4>Tên sản phẩm: Máy tính xách tay/ Laptop MacBook Pro 2018 15\" MR972 (Bạc)</h4>\r\n<ul>\r\n<li>CPU: Core i7 ( 2.6 GHz </li>\r\n<li>Màn hình: 15\" ( 2880 x 1800 ) , không cảm ứng </li>\r\n<li>RAM: 16GB DDR4 </li>\r\n<li>Đồ họa: AMD Radeon Pro 560 4GB GDDR5 </li>\r\n<li>Lưu trữ: 512GB SSD </li>\r\n<li>Hệ điều hành: macOS </li>\r\n<li>Pin: Pin liền</li>\r\n</ul>\r\n<h4>Chi tiết sản phẩm</h4>\r\n<ul>\r\nMacBook Pro 15″ MR972 được xây dựng để tập trung phát huy cũng như tối ưu hiệu năng của máy, thể hiện qua sức mạnh đồ họa cũng như phần cứng mạnh mẽ. Chính vì vậy, mặc dù sản phẩm vẫn giữ được vẻ ngoài sang trọng và tinh tế, thiết kế đã khác đi đôi chút so với các dòng Macbook khác với sản phẩm dày hơn, nặng hơn (độ dày 15.5 mm cùng khối lượng 1.83 kg).\r\nBên cạnh đó, MacBook 15″ MR972 vẫn có thiết kế vỏ nhôm nguyên khối, cho khả năng tản nhiệt tốt, cảm giác mát mẻ khi cầm trên tay, cấu tạo chắc chắn cùng khả năng chống chịu lực cao hơn vỏ nhựa. Ngoài ra, sản phẩm vẫn sở hữu cho mình tông màu bạc, một trong hai màu quen thuộc của dòng Macbook Pro bên cạnh màu xám.\r\nCuối cùng, MacBook Pro 15″ MR972 được hỗ trợ bởi hệ điều hành Mac OS X, mang đến những công nghệ mới và các tính năng nâng cao cho bạn. Hệ điều hành được thiết kế giao diện đơn giản và thân thiện với người dùng. Cùng với khả năng bảo mật, bạn sẽ vô cùng thoải mái và yên tâm khi sử dụng sản phẩm khi dữ liệu của bạn được kiểm soát toàn diện hơn và khả năng chống tin tặc “ghé thăm” từ bên ngoài cũng tốt hơn.\r\n</ul>\r\n', 3, 'macbook_1'),
(86, 'Laptop Apple MacBook Pro 13.3\" MR9V2 (13.3\"/i5 2.3 GHz/8GB RAM/512GB SSD/Intel Iris Plus Graphics 655/macOS/kg)', '', 49890000, 0, 0, '0000-00-00', '0000-00-00', 0, '2019-05-12 13:42:23', '0000-00-00 00:00:00', '<h4>Tên sản phẩm: Máy tính xách tay/ Laptop MacBook Pro 2018 13.3\" MR9V2 (Bạc)</h4>\r\n<ul>\r\n<li>CPU: Core i5 ( 2.3 GHz </li>\r\n<li>Màn hình: 13.3\" ( 2560 x 1600 ) , không cảm ứng </li>\r\n<li>RAM: 8GB LPDDR3 2133MHz </li>\r\n<li>Đồ họa: Intel Iris Plus Graphics 655 </li>\r\n<li>Lưu trữ: 512GB SSD </li>\r\n<li>Hệ điều hành: macOS </li>\r\n<li>Pin: Pin liền</li>\r\n</ul>\r\n<h4>Chi tiết sản phẩm</h4>\r\n<ul>\r\n<li>MacBook Pro nâng tầm khái niệm notebook lên một tầm cao mới, với hiệu năng và tính di động chuẩn mực. Cùng phác họa và phát triển ý tưởng của bạn nhanh hơn bao giờ hết, nhờ có sự hỗ trợ của vi xử lý hiệu năng cao cùng với bộ nhớ, dung lượng lưu trữ và đồ họa tân tiến. </li>\r\n<li>Apple MacBook Pro 13.3\" MR9V2 với Touch Bar có đồ họa tích hợp mạnh mẽ với 128 MB DRAM nhúng - gấp đôi so với thế hệ trước - giúp tăng tốc các tác vụ đồ họa. Điều đó có nghĩa là nhiều thời gian hơn cho những gì quan trọng nhất - tạo ra công việc tuyệt vời. </li>\r\n<li>Hệ điều hành thân thiện với người dùng nhất giờ đây được cải tiến lại với nhiều tính năng hơn như Dark Mode, các tính năng lấy cảm hứng từ trải nghiệm của người dùng chuyên nghiệp, 3 ứng dụng mới cùng với hệ thống Mac App Store được tái thiết kế. </li>\r\n</ul>\r\n\r\n', 4, 'macbook_1'),
(87, 'Laptop Apple MacBook Pro 13.3\" MR9R2 (13.3\"/i5 2.3 GHz/8GB RAM/512GB SSD/Intel Iris Plus Graphics 650/macOS/kg)', '', 49890000, 0, 0, '0000-00-00', '0000-00-00', 0, '2019-05-12 13:42:26', '0000-00-00 00:00:00', '<h4><Tên sản phẩm: Máy tính xách tay/ Laptop MacBook Pro 2018 13.3\" MR9R2 (Xám)/h4>\r\n<ul>\r\n<li>CPU: Core i5 ( 2.3 GHz </li>\r\n<li>Màn hình: 13.3\" ( 2560 x 1600 ) , không cảm ứng </li>\r\n<li>RAM: 8GB LPDDR3 2133MHz </li>\r\n<li>Đồ họa: Intel Iris Plus Graphics 650 </li>\r\n<li>Lưu trữ: 512GB SSD </li>\r\n<li>Hệ điều hành: macOS </li>\r\n<li>Pin: Pin liền</li>\r\n</ul>\r\n<h4>Chi tiết sản phẩm</h4>\r\n<ul>\r\n<li>MacBook Pro nâng tầm khái niệm notebook lên một tầm cao mới, với hiệu năng và tính di động chuẩn mực. Cùng phác họa và phát triển ý tưởng của bạn nhanh hơn bao giờ hết, nhờ có sự hỗ trợ của vi xử lý hiệu năng cao cùng với bộ nhớ, dung lượng lưu trữ và đồ họa tân tiến. </li>\r\n<li>Với bộ xử lý Intel Core thế hệ thứ tám, MacBook Pro đạt đến tầm cao mới về hiệu năng tính toán. Model 15 inch hiện có bộ xử lý Intel Core i9 6 nhân, hoạt động nhanh hơn tới 70% so với thế hệ trước, cho phép tốc độ Turbo Boost lên tới 4,8 GHz. Trong khi đó, bộ xử lý lõi tứ trên Apple MacBook Pro 13.3” MR9R2 với Touch Bar giờ đây giúp nó nhanh gấp đôi so với thế hệ trước. Vì vậy, khi thực hiện các công việc xử lý cấp độ như biên dịch mã, kết xuất mô hình 3D, thêm hiệu ứng đặc biệt, xếp lớp nhiều bản nhạc hoặc mã hóa video, bạn sẽ hoàn thành mọi việc với tốc độ nhanh hơn. </li>\r\n<li>Hệ điều hành thân thiện với người dùng nhất giờ đây được cải tiến lại với nhiều tính năng hơn như Dark Mode, các tính năng lấy cảm hứng từ trải nghiệm của người dùng chuyên nghiệp, 3 ứng dụng mới cùng với hệ thống Mac App Store được tái thiết kế. </li>\r\n</ul>\r\n\r\n', 5, 'macbook_1'),
(88, 'Laptop Apple MacBook Pro 13.3\" MPXQ2 (13.3\"/i5 2.3 GHz/8GB RAM/128GB SSD/Intel Iris Plus Graphics 640/macOS/1.3kg)', '', 33300000, 0, 0, '0000-00-00', '0000-00-00', 0, '2019-05-12 13:42:30', '0000-00-00 00:00:00', '<h4>Tên sản phẩm: Máy tính xách tay/ Laptop MacBook Pro 2017 13.3\" MPXQ2 (Xám)</h4>\r\n<ul>\r\n<li>CPU: Core i5 ( 2.3 GHz </li>\r\n<li>Màn hình: 13.3\" ( 2560 x 1600 ) , không cảm ứng </li>\r\n<li>RAM: 8GB </li>\r\n<li>Đồ họa: Intel Iris Plus Graphics 640 </li>\r\n<li>Lưu trữ: 128GB SSD </li>\r\n<li>Hệ điều hành: macOS </li>\r\n<li>Pin: Pin liền , khối lượng: 1.3 kg</li>\r\n</ul>\r\n<h4>Chi tiết sản phẩm</h4>\r\n<ul>\r\n<li>Apple MacBook Pro 13 inch 128GB MPXQ2 nói riêng và dòng MacBook nói chung đến từ Apple luôn là sự lựa chọn hàng đầu của những khách hàng ưa thích sự sang trọng và đẳng cấp. Với phiên bản Apple MacBook Pro 2017 càng gây nên sự chú ý đặc biệt với người dùng, hứa hẹn mở ra trào lưu mới cho thế hệ MacBook. </li>\r\n<li>Với phiên bản Apple MacBook Pro 13 inch 2017 này, người dùng đảm bảo hài lòng với tốc độ xử lí Intel Core i5 Dual-core 2.3 GHz, Turbo Boost lên đến 3.6 GHz, 64MB eDRAM, bộ RAM 8GB, bộ nhớ lưu trữ 128 GB PCIe, đồ họa Intel Iris Plus Graphics 640 xử lí đồ họa nhanh hơn 130% thực sự đã chinh phục toàn bộ người dùng. </li>\r\n<li>Với nhiều tính năng cải tiến hoàn hảo cùng với thiết kế trang nhã, hiệu suất cực khủng như vậy, cho đến thời điểm hiện tại Apple MacBook Pro 13 inch 128GB MPXQ2 vẫn là một trong các sản phẩm hiện đại và sang trọng bậc nhất của dòng MacBook. </li>\r\n</ul>\r\n\r\n', 1, 'macbook_2'),
(89, 'Laptop Apple MacBook Pro 15\" MR942 (15\"/i7 2.6 GHz/16GB RAM/512GB SSD/AMD Radeon Pro 560 4GB/macOS/1.8kg)', '', 69800000, 0, 0, '0000-00-00', '0000-00-00', 0, '2019-05-12 13:42:32', '0000-00-00 00:00:00', '<h4>Tên sản phẩm: Máy tính xách tay/ Laptop MacBook Pro 2018 15\" MR942 (Xám)</h4>\r\n<ul>\r\n<li>CPU: Core i7 ( 2.6 GHz </li>\r\n<li>Màn hình: 15\" ( 2880 x 1800 ) , không cảm ứng </li>\r\n<li>RAM: 16GB </li>\r\n<li>Đồ họa: Intel UHD Graphics 630 / AMD Radeon Pro 560 4GB </li>\r\n<li>Lưu trữ: 512GB SSD </li>\r\n<li>Hệ điều hành: macOS </li>\r\n<li>Pin: Pin liền , khối lượng: 1.8 kg</li>\r\n</ul>\r\n<h4>Chi tiết sản phẩm</h4>\r\n<ul>\r\n<li>Máy tính xách tay/ MacBook Pro 15″ MR942 là thiết bị thuộc một trong các dòng sản phẩm nổi bật về MacBook Pro 15 inch tới từ tập đoàn Apple, một thương hiệu đã không còn xa lạ với người dùng trên khắp thế giới cùng các dòng sản phẩm đồ điện tử được ưa chuộng như máy nghe nhạc iPod, điện thoại iPhone, máy tính bảng iPad và nhiều thiết bị giải trí đa phương tiện khác. </li>\r\n<li>MacBook Pro 15″ MR942 được xây dựng để tập trung phát huy cũng như tối ưu hiệu năng của máy, thể hiện qua sức mạnh đồ họa cũng như phần cứng mạnh mẽ. Chính vì vậy, mặc dù sản phẩm vẫn giữ được vẻ ngoài sang trọng và tinh tế, thiết kế đã khác đi đôi chút so với các dòng Macbook khác với sản phẩm dày hơn, nặng hơn (độ dày 15.5 mm cùng khối lượng 1.83 kg). </li>\r\n<li>Với thiết kế kém cơ động hơn các phiên bản Macbook mỏng nhẹ cũng như giá tương đối “đắt đỏ”, MacBook Pro 15″ MR942 không phù hợp với những đối tượng là học sinh, sinh viên hay đơn giản là những người dùng có nhu cầu sử dụng cơ bản nhất. Mặc dù vậy, với việc được xây dựng để cung cấp cấu hình mạnh mẽ, sản phẩm lại là một lựa chọn tuyệt vời cho người dùng cần chạy các tác vụ với yêu cầu cao cho phần cứng như thiết kế đồ họa hay dựng video chuyên sâu. </li>\r\n</ul>\r\n', 2, 'macbook_2'),
(90, 'Laptop Apple MacBook Pro 15\" MR962 (15\"/i7 2.2 GHz/16GB RAM/256GB SSD/AMD Radeon Pro 555X 4GB/macOS/1.8kg)', '', 57390000, 0, 0, '0000-00-00', '0000-00-00', 0, '2019-05-12 13:42:35', '0000-00-00 00:00:00', '<h4>Tên sản phẩm: Máy tính xách tay/ Laptop MacBook Pro 2018 15\" MR962 (Bạc)</h4>\r\n<ul>\r\n<li>CPU: Core i7 ( 2.2 GHz </li>\r\n<li>Màn hình: 15\" ( 2880 x 1800 ) , không cảm ứng </li>\r\n<li>RAM: 16GB </li>\r\n<li>Đồ họa: Intel UHD Graphics 630 / AMD Radeon Pro 555X 4GB </li>\r\n<li>Lưu trữ: 256GB SSD </li>\r\n<li>Hệ điều hành: macOS </li>\r\n<li>Pin: Pin liền , khối lượng: 1.8 kg</li>\r\n</ul>\r\n<h4>Chi tiết sản phẩm</h4>\r\n<ul>\r\n<li>Là thiết bị thuộc một trong các dòng sản phẩm nổi bật về MacBook Pro 15 inch tới từ tập đoàn Apple, một thương hiệu đã không còn xa lạ với người dùng trên khắp thế giới cùng các dòng sản phẩm đồ điện tử được ưa chuộng như máy nghe nhạc iPod, điện thoại iPhone, máy tính bảng iPad và nhiều thiết bị giải trí đa phương tiện khác. </li>\r\n<li>Mặc dù mức giá ban đầu khá đắt, các dòng MacBook nói chung vẫn được ưa thích sử dụng và biết tới rộng rãi là các thiết bị hoạt động vô cùng ổn định, giá trị sử dụng cao và có thể chạy tốt trong nhiều năm. Trong đó, MacBook Pro 15 inch là dòng máy mạnh nhất, \"bự\" nhất, nặng nhất và cũng đắt nhất của Apple. Chính vì những đặc điểm này, sản phẩm tương đối kén chọn người dùng và đặc biệt phù hợp cho công việc đòi hỏi cao, ví dụ như thiết kế chuyên nghiệp. MacBook Pro 15\" MR962 nằm trong chuỗi sản phẩm này là một ví dụ điển hình. </li>\r\n<li>Đối với người dùng đã quen với các thế hệ bàn phím truyền thống trước đây không sử dụng cơ chế cánh bướm, việc làm quen ban đầu chắc chắn sẽ có phần gây bỡ ngỡ. Tuy nhiên khi đã quen với thiết kế mới này, việc tăng tốc độ gõ nhận tín hiệu nhanh, chính xác, hay luôn cảm thấy thoải mái khi sử dụng thời gian dài là lợi điểm rất lớn mà cơ chế cánh bướm đem lại cho người dùng. </li>\r\n</ul>\r\n\r\n', 3, 'macbook_2'),
(91, 'Laptop Apple MacBook Pro 15\" MR932 (15\"/i7/16GB RAM/256GB SSD/AMD Radeon Pro 555X 4GB/macOS/1.8kg)', '', 57390000, 0, 0, '0000-00-00', '0000-00-00', 0, '2019-05-12 13:42:37', '0000-00-00 00:00:00', '<h4>Tên sản phẩm: Máy tính xách tay/ Laptop MacBook Pro 2018 15\" MR932 (Xám)</h4>\r\n<ul>\r\n<li>CPU: Core i7 </li>\r\n<li>Màn hình: 15\" IPS ( 2880 x 1800 ) , không cảm ứng </li>\r\n<li>RAM: 16GB 2400MHz </li>\r\n<li>Đồ họa: Intel UHD Graphics 630 / AMD Radeon Pro 555X 4GB GDDR5 </li>\r\n<li>Lưu trữ: 256GB SSD </li>\r\n<li>Hệ điều hành: macOS </li>\r\n<li>Pin: Pin liền , khối lượng: 1.8 kg</li>\r\n</ul>\r\n<h4>Chi tiết sản phẩm</h4>\r\n<ul>\r\n<li>Máy tính xách tay/ MacBook Pro 15″ MR932 là thiết bị thuộc một trong các dòng sản phẩm nổi bật về MacBook Pro 15 inch tới từ tập đoàn Apple, một thương hiệu đã không còn xa lạ với người dùng trên khắp thế giới cùng các dòng sản phẩm đồ điện tử được ưa chuộng như máy nghe nhạc iPod, điện thoại iPhone, máy tính bảng iPad và nhiều thiết bị giải trí đa phương tiện khác. </li>\r\n<li>Mặc dù mức giá ban đầu khá đắt, các dòng MacBook nói chung vẫn được ưa thích sử dụng và biết tới rộng rãi là các thiết bị hoạt động vô cùng ổn định, giá trị sử dụng cao và có thể chạy tốt trong nhiều năm. Trong đó, MacBook Pro 15 inch là dòng máy mạnh nhất, “bự” nhất, nặng nhất và cũng đắt nhất của Apple. Chính vì những đặc điểm này, sản phẩm tương đối kén chọn người dùng và đặc biệt phù hợp cho công việc đòi hỏi cao, ví dụ như thiết kế chuyên nghiệp. MacBook Pro 15″ MR932 nằm trong chuỗi sản phẩm này là một ví dụ điển hình. </li>\r\n<li>MacBook Pro 15″ MR932 được xây dựng để tập trung phát huy cũng như tối ưu hiệu năng của máy, thể hiện qua sức mạnh đồ họa cũng như phần cứng mạnh mẽ. Chính vì vậy, mặc dù sản phẩm vẫn giữ được vẻ ngoài sang trọng và tinh tế, thiết kế đã khác đi đôi chút so với các dòng Macbook khác với sản phẩm dày hơn, nặng hơn (độ dày 15.5 mm cùng khối lượng 1.83 kg). </li>\r\n</ul>\r\n', 4, 'macbook_2'),
(92, 'Laptop Apple MacBook Pro 13.3\" MR9U2 (13.3\"/i5 2.3 GHz/8GB RAM/256GB SSD/Intel HD Graphics/macOS/1.4kg)', '', 44390000, 0, 0, '0000-00-00', '0000-00-00', 0, '2019-05-12 13:42:39', '0000-00-00 00:00:00', '<h4>Tên sản phẩm: Máy tính xách tay/ Laptop MacBook Pro 2018 13.3\" MR9U2 (Bạc)</h4>\r\n<ul>\r\n<li>CPU: Core i5 ( 2.3 GHz </li>\r\n<li>Màn hình: 13.3\" ( 2560 x 1600 ) , không cảm ứng </li>\r\n<li>RAM: 8GB </li>\r\n<li>Đồ họa: Intel HD Graphics </li>\r\n<li>Lưu trữ: 256GB SSD </li>\r\n<li>Hệ điều hành: macOS </li>\r\n<li>Pin: Pin liền , khối lượng: 1.4 kg</li>\r\n</ul>\r\n<h4>Chi tiết sản phẩm</h4>\r\n<ul>\r\n<li>Thông tin sản phẩm sẽ được cập nhật trong thời gian sớm nhất</li>\r\n</ul>\r\n\r\n', 5, 'macbook_2'),
(93, 'Laptop Apple MacBook Pro 13.3\" MR9Q2 (13.3\"/i5 2.3 GHz/8GB RAM/256GB SSD/Intel HD Graphics/macOS/1.4kg)', '', 44390000, 0, 0, '0000-00-00', '0000-00-00', 0, '2019-05-12 13:42:47', '0000-00-00 00:00:00', '<h4>Tên sản phẩm: Máy tính xách tay/ Laptop MacBook Pro 2018 13.3\" MR9Q2 (Xám)</h4>\r\n<ul>\r\n<li>CPU: Core i5 ( 2.3 GHz </li>\r\n<li>Màn hình: 13.3\" ( 2560 x 1600 ) , không cảm ứng </li>\r\n<li>RAM: 8GB </li>\r\n<li>Đồ họa: Intel HD Graphics </li>\r\n<li>Lưu trữ: 256GB SSD </li>\r\n<li>Hệ điều hành: macOS </li>\r\n<li>Pin: Pin liền , khối lượng: 1.4 kg</li>\r\n</ul>\r\n<h4>Chi tiết sản phẩm</h4>\r\n<ul>\r\n<li>MacBook Pro nâng tầm khái niệm notebook lên một tầm cao mới, với hiệu năng và tính di động chuẩn mực. Cùng phác họa và phát triển ý tưởng của bạn nhanh hơn bao giờ hết, nhờ có sự hỗ trợ của vi xử lý hiệu năng cao cùng với bộ nhớ, dung lượng lưu trữ và đồ họa tân tiến. </li>\r\n<li>Apple MacBook Pro 13.3” MR9Q2 với Touch Bar có đồ họa tích hợp mạnh mẽ với 128 MB DRAM nhúng - gấp đôi so với thế hệ trước - giúp tăng tốc các tác vụ đồ họa. Điều đó có nghĩa là nhiều thời gian hơn cho những gì quan trọng nhất - tạo ra công việc tuyệt vời. </li>\r\n<li>Touch Bar thay thế các phím chức năng đã chiếm phần trên bàn phím của bạn bằng một thứ linh hoạt và có khả năng hơn nhiều. Nó tự động thay đổi dựa trên những gì bạn đang làm để hiển thị cho bạn các công cụ có liên quan để sử dụng trực quan - điều khiển hệ thống như âm lượng và độ sáng, cách tương tác để điều chỉnh hoặc duyệt qua nội dung và các tính năng gõ thông minh như biểu tượng cảm xúc và văn bản dự đoán, chỉ để đặt tên cho một số. </li>\r\n</ul>\r\n', 6, 'macbook_2'),
(94, 'Laptop Apple MacBook Air MREF2 (13.3\"/i5 1.6 GHz - 3.6 GHz/8GB RAM/256GB SSD/Intel UHD Graphics 617/macOS/1.2kg)', '', 36890000, 0, 0, '0000-00-00', '0000-00-00', 0, '2019-05-12 13:42:50', '0000-00-00 00:00:00', '<h4>Tên sản phẩm: Máy tính xách tay/ Laptop MacBook Air 2018 MREF2 (Vàng)</h4>\r\n<ul>\r\n<li>CPU: Core i5 ( 1.6 GHz - 3.6 GHz / 4MB </li>\r\n<li>Màn hình: 13.3\" IPS ( 2560 x 1600 ) , không cảm ứng </li>\r\n<li>RAM: 1 x 8GB Onboard LPDDR3 2133MHz </li>\r\n<li>Đồ họa: Intel UHD Graphics 617 </li>\r\n<li>Lưu trữ: 256GB SSD </li>\r\n<li>Hệ điều hành: macOS </li>\r\n<li>Pin: Pin liền , khối lượng: 1.2 kg</li>\r\n</ul>\r\n<h4>Chi tiết sản phẩm</h4>\r\n<ul>\r\n<li>Bản nâng cấp này cũng cho thấy Apple đã chịu khó lắng nghe người dùng hơn khi cuối cùng độ phân giải màn hình cũng đã được nâng lên theo chuẩn Retina và viền màn hình không còn quá dày nữa. Thêm nữa toàn bộ cổng kết nối đã được loại bỏ để lại 2 cổng Type-C và cũng có bàn phím cánh bướm mới nhất. </li>\r\n<li>Với mức giá khởi điểm mà Apple niêm yết thì đây hoàn toàn là một chiếc máy tính thuộc hạng ultrabook cao cấp. Ở tầm giá này chúng ta có quá nhiều sự lựa chọn tốt hơn về cấu hình khi mua ultrabook window như HP Envy 13 hay Dell XPS 13. Tuy nhiên với một chiếc máy chạy MacOS thì đây chính là chiếc máy có mức giá rẻ nhất hiện nay. Điều khó khăn đối với Macbook Air 2018 đó chính là mức giá khá tiệm cận với mẫu Macbook Pro 13 inch non-touchbar 2017 khi chỉ kém khoảng 3 triệu nhưng lại cho trải nghiệm mọi thứ hầu như tương tự.  Do đó nếu bạn là fan của dòng Macbook Air siêu mỏng nhẹ hoặc đơn giản bạn cần một chiếc máy có ngoại hình bóng bảy cùng với chất lượng build xuất sắc nhưng vẫn rất mỏng nhẹ thì hãy chọn Macbook Air 2018. Còn lại với những nhu cầu khác thì chiếc máy này có giá khá cao. </li>\r\n</ul>\r\n\r\n\r\n\r\n', 7, 'macbook_2'),
(95, 'Laptop Apple MacBook Air MREA2 (13.3\"/i5 1.6 GHz - 3.6 GHz/8GB RAM/128GB SSD/Intel UHD Graphics 617/macOS/1.2kg)', '', 31900000, 0, 0, '0000-00-00', '0000-00-00', 0, '2019-05-12 13:42:53', '0000-00-00 00:00:00', '<h4>Tên sản phẩm: Máy tính xách tay/ Laptop MacBook Air 2018 MREA2 (Bạc)</h4>\r\n<ul>\r\n<li>CPU: Core i5 ( 1.6 GHz - 3.6 GHz / 4MB </li>\r\n<li>Màn hình: 13.3\" IPS ( 2560 x 1600 ) , không cảm ứng </li>\r\n<li>RAM: 1 x 8GB Onboard LPDDR3 2133MHz </li>\r\n<li>Đồ họa: Intel UHD Graphics 617 </li>\r\n<li>Lưu trữ: 128GB SSD </li>\r\n<li>Hệ điều hành: macOS </li>\r\n<li>Pin: Pin liền , khối lượng: 1.2 kg</li>\r\n</ul>\r\n<h4>Chi tiết sảan phẩm</h4>\r\n<ul>\r\n<li>Bản nâng cấp này cũng cho thấy Apple đã chịu khó lắng nghe người dùng hơn khi cuối cùng độ phân giải màn hình cũng đã được nâng lên theo chuẩn Retina và viền màn hình không còn quá dày nữa. Thêm nữa toàn bộ cổng kết nối đã được loại bỏ để lại 2 cổng Type-C và cũng có bàn phím cánh bướm mới nhất. Vậy với mức giá hơn 31 triệu đồng thì liệu có xứng đáng cho chiếc Macbook \"giá rẻ\" này. </li>\r\n<li>Sau nhiều năm đi theo nguyên lí thiết kế đã làm nên trấn động thế giới laptop một thời thì giờ đây Apple đã quyết định thay đổi theo những triết lí mới ở những mẫu Macbook Pro và Macbook 12 inch của hãng. Toàn bộ cổng kết nối cũ đã được loại bỏ hoàn toàn và chuyển thành 2 cổng USB Type-C đều được tích hợp Thunderbolt 3 tuy nhiên chỉ 1 trong 2 cổng được kích hoạt 1 lúc. Có nghĩa là nếu bạn đang sử dụng băng thông Thunderbolt 3 ở một cổng thì cổng còn lại sẽ tự động không nhận chuẩn Thunderbolt 3 nữa. Đây cũng chính là dấu chấm hết cho cổng sạc Magsafe làm nên tên tuổi của Macbook 1 thời. </li>\r\n<li>Touchpad được làm lại hoàn toàn với bề mặt cảm ứng lực như các mẫu Macbook Pro mới. Diện tích cũng được tăng lên đáng kể và có kích thước y hệt những mẫu Pro 13 inch. Về màn hình và bàn phím hay Touchpad thì Macbook Air 2018 gần như giống hệt với những phiên bản Macbook Pro 13 inch. </li>\r\n</ul>\r\n', 1, 'macbook_3'),
(96, 'Laptop Apple MacBook Air MREC2 (13.3\"/i5 1.6 GHz - 3.6 GHz/8GB RAM/256GB SSD/Intel UHD Graphics 617/macOS/1.2kg)', '', 36890000, 0, 0, '0000-00-00', '0000-00-00', 0, '2019-05-12 13:42:56', '0000-00-00 00:00:00', '<h4>Tên sản phẩm: Máy tính xách tay/ Laptop MacBook Air 2018 MREC2 (Bạc)</h4>\r\n<ul>\r\n<li>CPU: Core i5 ( 1.6 GHz - 3.6 GHz / 4MB </li>\r\n<li>Màn hình: 13.3\" IPS ( 2560 x 1600 ) , không cảm ứng </li>\r\n<li>RAM: 1 x 8GB Onboard LPDDR3 2133MHz </li>\r\n<li>Đồ họa: Intel UHD Graphics 617 </li>\r\n<li>Lưu trữ: 256GB SSD </li>\r\n<li>Hệ điều hành: macOS </li>\r\n<li>Pin: Pin liền , khối lượng: 1.2 kg</li>\r\n</ul>\r\n<h4>Chi tiết sản phẩm</h4>\r\n<ul>\r\n<li>Bản nâng cấp này cũng cho thấy Apple đã chịu khó lắng nghe người dùng hơn khi cuối cùng độ phân giải màn hình cũng đã được nâng lên theo chuẩn Retina và viền màn hình không còn quá dày nữa. Thêm nữa toàn bộ cổng kết nối đã được loại bỏ để lại 2 cổng Type-C và cũng có bàn phím cánh bướm mới nhất. Vậy với mức giá cao cấp mà Apple niêm yết thì liệu có xứng đáng cho chiếc Macbook \"giá rẻ nhất\" này. </li>\r\n<li>Tổng thể Macbook Air 2018 giống như việc kết hợp giữ Macbook 12 inch và Macbook Pro 13 của hãng. Toàn bộ các kích thước đều giống hệt với Macbook Pro 13 chỉ có phần dày nhất trên Macbook Air 2018 dày hơn là 1,56cm so với 1,49cm. Vẫn có thiết kế vát mỏng về phía trước như Macbook 12 inch và phần mỏng nhất chỉ là 3mm, chính phần mỏng này cũng khiến tới một bất lợi về việc mở máy khi khá khó để sờ được vào đoạn hõm ở thân máy để mở màn hình. </li>\r\n<li>Thêm nữa Apple cũng đã chịu khó thay đổi màu sắc cho Macbook Air sau bao nhiêu năm chỉ có màu White thì giờ đây người dùng đã có thêm lựa chọn Gray và đặc biệt là Gold. Điều này đem đến nhiều lựa chọn về màu sắc hơn và cũng là điểm nhận biết dễ nhất khi nhìn từ bên ngoài đối với các dòng Macbook Air trước đây. </li>\r\n</ul>\r\n', 2, 'macbook_3'),
(97, 'Laptop Apple MacBook Air MRE92 (13.3\"/i5 1.6 GHz - 3.6 GHz/8GB RAM/256GB SSD/Intel UHD Graphics 617/macOS/1.2kg)', '', 36890000, 0, 0, '0000-00-00', '0000-00-00', 0, '2019-05-12 13:42:59', '0000-00-00 00:00:00', '<h4>Tên sản phẩm: Máy tính xách tay/ Laptop MacBook Air 2018 MRE92 (Xám)</h4>\r\n<ul>\r\n<li>CPU: Core i5 ( 1.6 GHz - 3.6 GHz / 4MB </li>\r\n<li>Màn hình: 13.3\" IPS ( 2560 x 1600 ) , không cảm ứng </li>\r\n<li>RAM: 1 x 8GB Onboard LPDDR3 2133MHz </li>\r\n<li>Đồ họa: Intel UHD Graphics 617 </li>\r\n<li>Lưu trữ: 256GB SSD </li>\r\n<li>Hệ điều hành: macOS </li>\r\n<li>Pin: Pin liền , khối lượng: 1.2 kg</li>\r\n</ul>\r\n<h4>Chi tiết sản phẩm</h4>\r\n<ul>\r\n<li>Bản nâng cấp này cũng cho thấy Apple đã chịu khó lắng nghe người dùng hơn khi cuối cùng độ phân giải màn hình cũng đã được nâng lên theo chuẩn Retina và viền màn hình không còn quá dày nữa. Thêm nữa toàn bộ cổng kết nối đã được loại bỏ để lại 2 cổng Type-C và cũng có bàn phím cánh bướm mới nhất. Vậy với mức giá cao cấp thì MacBook Air có xứng đáng được lựa chọn? </li>\r\n<li>Tổng thể Macbook Air 2018 giống như việc kết hợp giữ Macbook 12 inch và Macbook Pro 13 của hãng. Toàn bộ các kích thước đều giống hệt với Macbook Pro 13 chỉ có phần dày nhất trên Macbook Air 2018 dày hơn là 1,56cm so với 1,49cm. Vẫn có thiết kế vát mỏng về phía trước như Macbook 12 inch và phần mỏng nhất chỉ là 3mm, chính phần mỏng này cũng khiến tới một bất lợi về việc mở máy khi khá khó để sờ được vào đoạn hõm ở thân máy để mở màn hình. </li>\r\n<li>Điều khó khăn đối với Macbook Air 2018 đó chính là mức giá khá tiệm cận với mẫu Macbook Pro 13 inch non-touchbar 2017 khi chỉ kém khoảng 3 triệu nhưng lại cho trải nghiệm mọi thứ hoàn toàn tương tự thậm chí cấu hình còn nhỉnh hơn. Do đó nếu bạn là fan của dòng Macbook Air siêu mỏng nhẹ hoặc đơn giản bạn cần một chiếc máy có ngoại hình bóng bảy cùng với chất lượng build xuất sắc nhưng vẫn rất mỏng nhẹ thì hãy chọn Macbook Air 2018. Còn lại với những nhu cầu khác thì chiếc máy này có giá khá cao.</li>\r\n</ul>\r\n', 3, 'macbook_3'),
(98, 'Laptop Apple MacBook Air MREE2 (13.3\"/i5 1.6 GHz - 3.6 GHz/8GB RAM/128GB SSD/Intel UHD Graphics 617/macOS/1.2kg)', '', 31900000, 0, 0, '0000-00-00', '0000-00-00', 0, '2019-05-12 13:43:02', '0000-00-00 00:00:00', '<h4>Tên sản phẩm: Máy tính xách tay/ Laptop MacBook Air 2018 MREE2 (Vàng)</h4>\r\n<ul>\r\n<li>CPU: Core i5 ( 1.6 GHz - 3.6 GHz / 4MB </li>\r\n<li>Màn hình: 13.3\" IPS ( 2560 x 1600 ) , không cảm ứng </li>\r\n<li>RAM: 1 x 8GB Onboard LPDDR3 2133MHz </li>\r\n<li>Đồ họa: Intel UHD Graphics 617 </li>\r\n<li>Lưu trữ: 128GB SSD </li>\r\n<li>Hệ điều hành: macOS </li>\r\n<li>Pin: Pin liền , khối lượng: 1.2 kg</li>\r\n</ul>\r\n<h4>Chi tiết sản phẩm</h4>\r\n<ul>\r\n<li>Bản nâng cấp này cũng cho thấy Apple đã chịu khó lắng nghe người dùng hơn khi cuối cùng độ phân giải màn hình cũng đã được nâng lên theo chuẩn Retina và viền màn hình không còn quá dày nữa. Thêm nữa toàn bộ cổng kết nối đã được loại bỏ để lại 2 cổng Type-C và cũng có bàn phím cánh bướm mới nhất. Vậy với mức giá cao cấp thì liệu có xứng đáng cho chiếc Macbook \"giá rẻ\" nhất phân khúc của Apple. </li>\r\n<li>Điểm chấm benchmark lẫn hiệu năng thực tế đều thấp hơn rất nhiều so với Core I5 8250U được sử dụng ở hầu hết các mẫu Ultrabook hiện nay. Điều này khá dễ hiểu do con chip của máy chỉ tiêu thụ một lượng điện rất thấp để có thể đảm bảo nhiệt độ nên việc giảm hiệu năng là điều khó tránh khỏi. Tuy nhiên do được sử dụng SSD có tốc độ rất cao nên những tác vụ thông thường đều đáp ứng rất mượt mà. </li>\r\n<li>Với mức giá khởi điểm từ 31 triệu đồng thì đây hoàn toàn là một chiếc máy tính thuộc hạng ultrabook cao cấp. Ở tầm giá này chúng ta có quá nhiều sự lựa chọn tốt hơn về cấu hình khi mua ultrabook window như HP Envy 13 hay Dell XPS 13. Tuy nhiên với một chiếc máy chạy MacOS thì đây chính là chiếc máy có mức giá rẻ nhất hiện nay. Điều khó khăn đối với Macbook Air 2018 đó chính là mức giá khá tiệm cận với mẫu Macbook Pro 13 inch non-touchbar 2017 khi chỉ kém khoảng 3 triệu nhưng lại cho trải nghiệm mọi thứ hoàn toàn tương tự thậm chí cấu hình còn nhỉnh hơn. Do đó nếu bạn là fan của dòng Macbook Air siêu mỏng nhẹ hoặc đơn giản bạn cần một chiếc máy có ngoại hình bóng bảy cùng với chất lượng build xuất sắc nhưng vẫn rất mỏng nhẹ thì hãy chọn Macbook Air 2018. Còn lại với những nhu cầu khác thì chiếc máy này có giá khá cao. </li>\r\n</ul>\r\n\r\n\r\n', 4, 'macbook_3'),
(99, 'Laptop Apple MacBook Air MRE82 (13.3\"/i5 1.6 GHz - 3.6 GHz/8GB RAM/128GB SSD/Intel UHD Graphics 617/macOS/1.2kg)', '', 31900000, 0, 0, '0000-00-00', '0000-00-00', 0, '2019-05-12 13:43:06', '0000-00-00 00:00:00', '<h4>Tên sản phẩm: Máy tính xách tay/ Laptop MacBook Air 2018 MRE82 (Xám)</h4>\r\n<ul>\r\n<li>CPU: Core i5 (1.6 GHz - 3.6 GHz / 4MB </li>\r\n<li>Màn hình: 13.3\" IPS (2560 x 1600) , không cảm ứng </li>\r\n<li>RAM: 1 x 8GB Onboard LPDDR3 2133MHz </li>\r\n<li>Đồ họa: Intel UHD Graphics 617 </li>\r\n<li>Lưu trữ: 128GB SSD </li>\r\n<li>Hệ điều hành: macOS </li>\r\n<li>Pin: Pin liền, khối lượng: 1.2 kg</li>\r\n</ul>\r\n<h4>Chi tiết sản phẩm</h4>\r\n<ul>\r\n<li>Bản nâng cấp này cũng cho thấy Apple đã chịu khó lắng nghe người dùng hơn khi cuối cùng độ phân giải màn hình cũng đã được nâng lên theo chuẩn Retina và viền màn hình không còn quá dày nữa. Thêm nữa toàn bộ cổng kết nối đã được loại bỏ để lại 2 cổng Type-C và cũng có bàn phím cánh bướm mới nhất. Vậy với mức giá cao cấp, MacBook Air 2018 có xứng đáng \"đồng tiền bát gạo\"? </li>\r\n<li>Tổng thể Macbook Air 2018 giống như việc kết hợp giữ Macbook 12 inch và Macbook Pro 13 của hãng. Toàn bộ các kích thước đều giống hệt với Macbook Pro 13 chỉ có phần dày nhất trên Macbook Air 2018 dày hơn là 1,56cm so với 1,49cm. Vẫn có thiết kế vát mỏng về phía trước như Macbook 12 inch và phần mỏng nhất chỉ là 3mm, chính phần mỏng này cũng khiến tới một bất lợi về việc mở máy khi khá khó để sờ được vào đoạn hõm ở thân máy để mở màn hình. </li>\r\n<li>Thêm nữa Apple cũng đã chịu khó thay đổi màu sắc cho Macbook Air sau bao nhiêu năm chỉ có màu White thì giờ đây người dùng đã có thêm lựa chọn Gray và đặc biệt là Gold. Điều này đem đến nhiều lựa chọn về màu sắc hơn và cũng là điểm nhận biết dễ nhất khi nhìn từ bên ngoài đối với các dòng Macbook Air trước đây. </li>\r\n</ul>\r\n\r\n', 5, 'macbook_3');

-- --------------------------------------------------------

--
-- Table structure for table `product_type`
--

CREATE TABLE `product_type` (
  `id` int(11) NOT NULL,
  `name` varchar(255) COLLATE utf8mb4_unicode_ci NOT NULL,
  `created_at` timestamp NOT NULL DEFAULT CURRENT_TIMESTAMP ON UPDATE CURRENT_TIMESTAMP,
  `updated_at` timestamp NOT NULL DEFAULT '0000-00-00 00:00:00',
  `id_type` varchar(20) COLLATE utf8mb4_unicode_ci NOT NULL
) ENGINE=InnoDB DEFAULT CHARSET=utf8mb4 COLLATE=utf8mb4_unicode_ci;

--
-- Dumping data for table `product_type`
--

INSERT INTO `product_type` (`id`, `name`, `created_at`, `updated_at`, `id_type`) VALUES
(1, 'HP 14/15', '2019-04-29 01:28:56', '0000-00-00 00:00:00', 'hp_1'),
(2, 'HP Probook', '2019-04-29 01:29:04', '0000-00-00 00:00:00', 'hp_2'),
(3, 'HP Pavilion', '2019-04-29 01:29:10', '0000-00-00 00:00:00', 'hp_3'),
(4, 'Acer Nitro', '2019-04-29 01:29:14', '0000-00-00 00:00:00', 'acer_1'),
(5, 'Acer Predator', '2019-04-29 01:29:20', '0000-00-00 00:00:00', 'acer_2'),
(6, 'Acer Swift', '2019-04-29 01:29:25', '0000-00-00 00:00:00', 'acer_3'),
(7, 'ASUS Vivobook', '2019-04-29 01:29:34', '0000-00-00 00:00:00', 'asus_1'),
(8, 'ASUS ROG', '2019-04-29 01:29:39', '0000-00-00 00:00:00', 'asus_2'),
(9, 'ASUS FX_TUF', '2019-04-29 02:26:42', '0000-00-00 00:00:00', 'asus_3'),
(10, 'DELL INSPIRON', '2019-05-03 15:45:19', '0000-00-00 00:00:00', 'Dell_1'),
(11, 'DELL VOSTRO', '2019-05-03 15:45:48', '0000-00-00 00:00:00', 'Dell_2'),
(12, 'LENOVO LEGION', '2019-05-03 15:55:38', '0000-00-00 00:00:00', 'lenovo_1'),
(13, 'LENOVO THINKPAD', '2019-05-03 15:55:58', '0000-00-00 00:00:00', 'lenovo_2'),
(14, 'LENOVO IDEAPAD', '2019-05-03 15:56:11', '0000-00-00 00:00:00', 'lenovo_3'),
(15, 'Macbook ', '2019-05-04 00:48:50', '0000-00-00 00:00:00', 'macbook_1'),
(16, 'Macbook Pro', '2019-05-04 00:52:17', '0000-00-00 00:00:00', 'macbook_2'),
(17, 'Macbook Air', '2019-05-04 00:57:43', '0000-00-00 00:00:00', 'macbook_3');

--
-- Indexes for dumped tables
--

--
-- Indexes for table `customers`
--
ALTER TABLE `customers`
  ADD PRIMARY KEY (`id`);

--
-- Indexes for table `detail_invoices`
--
ALTER TABLE `detail_invoices`
  ADD PRIMARY KEY (`id`);

--
-- Indexes for table `employees`
--
ALTER TABLE `employees`
  ADD PRIMARY KEY (`id`);

--
-- Indexes for table `img_products`
--
ALTER TABLE `img_products`
  ADD PRIMARY KEY (`id`);

--
-- Indexes for table `invoices`
--
ALTER TABLE `invoices`
  ADD PRIMARY KEY (`id`);

--
-- Indexes for table `products`
--
ALTER TABLE `products`
  ADD PRIMARY KEY (`id`);

--
-- Indexes for table `product_type`
--
ALTER TABLE `product_type`
  ADD PRIMARY KEY (`id`);

--
-- AUTO_INCREMENT for dumped tables
--

--
-- AUTO_INCREMENT for table `customers`
--
ALTER TABLE `customers`
  MODIFY `id` int(11) NOT NULL AUTO_INCREMENT, AUTO_INCREMENT=5;

--
-- AUTO_INCREMENT for table `detail_invoices`
--
ALTER TABLE `detail_invoices`
  MODIFY `id` int(11) NOT NULL AUTO_INCREMENT, AUTO_INCREMENT=34;

--
-- AUTO_INCREMENT for table `employees`
--
ALTER TABLE `employees`
  MODIFY `id` int(11) NOT NULL AUTO_INCREMENT;

--
-- AUTO_INCREMENT for table `img_products`
--
ALTER TABLE `img_products`
  MODIFY `id` int(11) NOT NULL AUTO_INCREMENT, AUTO_INCREMENT=79;

--
-- AUTO_INCREMENT for table `invoices`
--
ALTER TABLE `invoices`
  MODIFY `id` int(11) NOT NULL AUTO_INCREMENT, AUTO_INCREMENT=35;

--
-- AUTO_INCREMENT for table `products`
--
ALTER TABLE `products`
  MODIFY `id` int(11) NOT NULL AUTO_INCREMENT, AUTO_INCREMENT=100;

--
-- AUTO_INCREMENT for table `product_type`
--
ALTER TABLE `product_type`
  MODIFY `id` int(11) NOT NULL AUTO_INCREMENT, AUTO_INCREMENT=18;
COMMIT;

/*!40101 SET CHARACTER_SET_CLIENT=@OLD_CHARACTER_SET_CLIENT */;
/*!40101 SET CHARACTER_SET_RESULTS=@OLD_CHARACTER_SET_RESULTS */;
/*!40101 SET COLLATION_CONNECTION=@OLD_COLLATION_CONNECTION */;
